id,type,room_id,campus_id
7298,roomDoor,3494,1
7299,roomDoor,3495,1
7300,roomDoor,3500,1
7301,roomDoor,3497,1
7302,roomDoor,3499,1
7303,roomDoor,3498,1
7304,roomDoor,3496,1
7305,roomDoor,695,1
7306,corridor,-1,1
24,corridor,-1,1
25,roomDoor,166,1
26,corridor,-1,1
84,corridor,-1,1
85,corridor,-1,1
285,roomDoor,97,1
4490,stairs,-1,1
286,corridor,-1,1
287,roomDoor,96,1
288,corridor,-1,1
289,roomDoor,95,1
290,corridor,-1,1
291,elevator,-1,1
292,corridor,-1,1
293,roomDoor,89,1
384,corridor,-1,1
494,corridor,-1,1
495,roomDoor,60,1
496,corridor,-1,1
497,roomDoor,40,1
498,corridor,-1,1
499,stairs,-1,1
501,corridor,-1,1
502,corridor,-1,1
503,roomDoor,33,1
825,corridor,-1,1
826,corridor,-1,1
827,corridor,-1,1
828,corridor,-1,1
829,corridor,-1,1
830,corridor,-1,1
831,corridor,-1,1
832,corridor,-1,1
1030,stairs,-1,1
1031,elevator,-1,1
1032,corridor,-1,1
1033,roomDoor,251,1
1034,corridor,-1,1
1035,stairs,-1,1
1036,corridor,-1,1
1037,roomDoor,250,1
1038,corridor,-1,1
1039,roomDoor,249,1
1040,corridor,-1,1
1270,corridor,-1,1
1271,corridor,-1,1
1272,corridor,-1,1
1273,corridor,-1,1
1274,roomDoor,577,1
1275,roomDoor,578,1
1276,stairs,-1,1
1277,corridor,-1,1
1278,corridor,-1,1
1279,stairs,-1,1
1280,corridor,-1,1
1282,corridor,-1,1
1283,roomDoor,573,1
1284,corridor,-1,1
1285,roomDoor,564,1
1286,corridor,-1,1
1287,elevator,-1,1
1288,roomDoor,572,1
1289,corridor,-1,1
1290,roomDoor,568,1
1291,corridor,-1,1
1292,roomDoor,569,1
1293,corridor,-1,1
1294,roomDoor,573,1
1295,corridor,-1,1
1296,roomDoor,570,1
1297,corridor,-1,1
1299,corridor,-1,1
1300,roomDoor,570,1
1301,corridor,-1,1
2006,corridor,-1,1
28,corridor,-1,1
29,corridor,-1,1
30,corridor,-1,1
31,corridor,-1,1
32,corridor,-1,1
33,roomDoor,153,1
34,corridor,-1,1
35,corridor,-1,1
86,roomDoor,139,1
294,corridor,-1,1
295,corridor,-1,1
296,corridor,-1,1
297,corridor,-1,1
299,corridor,-1,1
300,roomDoor,88,1
301,corridor,-1,1
302,roomDoor,91,1
303,corridor,-1,1
304,roomDoor,90,1
305,corridor,-1,1
306,elevator,-1,1
504,corridor,-1,1
505,roomDoor,37,1
506,corridor,-1,1
507,roomDoor,36,1
508,corridor,-1,1
509,elevator,-1,1
510,corridor,-1,1
512,roomDoor,38,1
513,corridor,-1,1
833,corridor,-1,1
834,corridor,-1,1
835,corridor,-1,1
836,corridor,-1,1
837,corridor,-1,1
838,corridor,-1,1
839,corridor,-1,1
840,roomDoor,347,1
841,corridor,-1,1
842,roomDoor,346,1
843,stairs,-1,1
844,corridor,-1,1
845,corridor,-1,1
846,corridor,-1,1
847,corridor,-1,1
1041,roomDoor,252,1
1042,corridor,-1,1
1043,roomDoor,244,1
1044,corridor,-1,1
1045,roomDoor,244,1
1302,roomDoor,562,1
1303,corridor,-1,1
1304,roomDoor,575,1
1305,corridor,-1,1
1306,roomDoor,567,1
1308,corridor,-1,1
1309,roomDoor,574,1
1310,roomDoor,558,1
1311,corridor,-1,1
1312,roomDoor,557,1
1313,corridor,-1,1
1314,roomDoor,560,1
1315,corridor,-1,1
1316,roomDoor,561,1
1317,corridor,-1,1
1318,roomDoor,555,1
1319,corridor,-1,1
1321,roomDoor,566,1
1322,corridor,-1,1
1323,roomDoor,576,1
1324,corridor,-1,1
1325,corridor,-1,1
1884,roomDoor,757,1
2007,roomDoor,716,1
2008,corridor,-1,1
3,corridor,-1,1
193,roomDoor,104,1
194,roomDoor,116,1
195,roomDoor,110,1
196,corridor,-1,1
197,roomDoor,111,1
198,corridor,-1,1
199,roomDoor,112,1
200,corridor,-1,1
202,corridor,-1,1
203,roomDoor,120,1
422,corridor,-1,1
681,corridor,-1,1
682,roomDoor,214,1
683,roomDoor,214,1
684,corridor,-1,1
685,corridor,-1,1
686,corridor,-1,1
687,corridor,-1,1
688,corridor,-1,1
689,corridor,-1,1
690,stairs,-1,1
691,corridor,-1,1
986,roomDoor,224,1
987,corridor,-1,1
989,corridor,-1,1
990,roomDoor,216,1
991,corridor,-1,1
992,elevator,-1,1
993,corridor,-1,1
994,roomDoor,218,1
1690,roomDoor,452,1
1691,corridor,-1,1
1692,roomDoor,446,1
1693,corridor,-1,1
1694,roomDoor,449,1
1695,corridor,-1,1
1697,corridor,-1,1
1698,corridor,-1,1
1699,corridor,-1,1
1700,roomDoor,461,1
1701,corridor,-1,1
1702,roomDoor,462,1
1703,corridor,-1,1
1704,roomDoor,463,1
1705,corridor,-1,1
1706,corridor,-1,1
1707,corridor,-1,1
1708,roomDoor,471,1
1709,corridor,-1,1
1710,roomDoor,460,1
1711,corridor,-1,1
1713,corridor,-1,1
1715,corridor,-1,1
1716,roomDoor,467,1
1717,corridor,-1,1
1885,corridor,-1,1
1886,roomDoor,756,1
1887,corridor,-1,1
1888,roomDoor,759,1
1889,corridor,-1,1
1890,roomDoor,760,1
1891,corridor,-1,1
1892,roomDoor,755,1
1893,corridor,-1,1
1895,roomDoor,766,1
1896,corridor,-1,1
1897,roomDoor,764,1
1898,corridor,-1,1
1899,roomDoor,758,1
1900,corridor,-1,1
1901,roomDoor,780,1
2009,roomDoor,717,1
2010,corridor,-1,1
2011,roomDoor,721,1
5,corridor,-1,1
6,elevator,-1,1
8,corridor,-1,1
72,corridor,-1,1
73,corridor,-1,1
204,corridor,-1,1
205,roomDoor,102,1
206,corridor,-1,1
207,roomDoor,123,1
208,corridor,-1,1
209,roomDoor,117,1
210,corridor,-1,1
211,roomDoor,118,1
423,roomDoor,68,1
424,corridor,-1,1
425,corridor,-1,1
427,corridor,-1,1
692,roomDoor,213,1
693,corridor,-1,1
694,stairs,-1,1
695,corridor,-1,1
696,corridor,-1,1
697,corridor,-1,1
698,roomDoor,203,1
699,corridor,-1,1
700,roomDoor,207,1
701,roomDoor,203,1
995,corridor,-1,1
996,stairs,-1,1
997,corridor,-1,1
999,corridor,-1,1
1000,roomDoor,219,1
1155,roomDoor,327,1
1156,corridor,-1,1
1157,corridor,-1,1
1158,roomDoor,322,1
1159,roomDoor,324,1
1160,stairs,-1,1
1718,roomDoor,469,1
1719,corridor,-1,1
1721,corridor,-1,1
1722,roomDoor,468,1
1723,corridor,-1,1
1724,corridor,-1,1
1725,roomDoor,464,1
1727,stairs,-1,1
1728,roomDoor,465,1
1729,roomDoor,465,1
1730,corridor,-1,1
1732,roomDoor,459,1
1733,roomDoor,458,1
1735,corridor,-1,1
1736,corridor,-1,1
1737,corridor,-1,1
1902,corridor,-1,1
1903,roomDoor,770,1
1904,corridor,-1,1
1905,roomDoor,773,1
1906,corridor,-1,1
1907,stairs,-1,1
1908,corridor,-1,1
1909,roomDoor,710,1
1910,corridor,-1,1
1911,roomDoor,707,1
1912,corridor,-1,1
1914,corridor,-1,1
1915,stairs,-1,1
1916,corridor,-1,1
1917,corridor,-1,1
1918,corridor,-1,1
1919,corridor,-1,1
1920,corridor,-1,1
1921,corridor,-1,1
1922,corridor,-1,1
1923,corridor,-1,1
10,corridor,-1,1
11,corridor,-1,1
429,roomDoor,65,1
430,corridor,-1,1
431,corridor,-1,1
432,corridor,-1,1
433,roomDoor,63,1
434,corridor,-1,1
436,corridor,-1,1
437,corridor,-1,1
438,corridor,-1,1
439,corridor,-1,1
440,corridor,-1,1
441,stairs,-1,1
442,roomDoor,1,1
444,roomDoor,77,1
446,roomDoor,77,1
447,stairs,-1,1
448,corridor,-1,1
449,corridor,-1,1
450,corridor,-1,1
451,roomDoor,73,1
452,corridor,-1,1
453,roomDoor,70,1
1001,corridor,-1,1
1002,roomDoor,235,1
1003,corridor,-1,1
1161,corridor,-1,1
1162,corridor,-1,1
1163,roomDoor,285,1
1164,corridor,-1,1
1165,roomDoor,286,1
1166,corridor,-1,1
1167,roomDoor,284,1
1168,roomDoor,287,1
1169,corridor,-1,1
1170,roomDoor,283,1
1171,corridor,-1,1
1172,roomDoor,282,1
1173,elevator,-1,1
1174,corridor,-1,1
1176,elevator,-1,1
1177,corridor,-1,1
1178,corridor,-1,1
1179,stairs,-1,1
1180,roomDoor,288,1
1181,corridor,-1,1
1182,roomDoor,293,1
1183,corridor,-1,1
1184,roomDoor,289,1
1185,corridor,-1,1
1186,roomDoor,295,1
1187,corridor,-1,1
1189,corridor,-1,1
1190,roomDoor,294,1
1191,corridor,-1,1
1192,roomDoor,291,1
1193,corridor,-1,1
1194,roomDoor,297,1
1195,corridor,-1,1
1196,roomDoor,290,1
1924,stairs,-1,1
1925,corridor,-1,1
1926,stairs,-1,1
1927,elevator,-1,1
1928,corridor,-1,1
1930,corridor,-1,1
1931,corridor,-1,1
1932,corridor,-1,1
1933,corridor,-1,1
1934,corridor,-1,1
1936,corridor,-1,1
1937,stairs,-1,1
1938,corridor,-1,1
13,stairs,-1,1
75,corridor,-1,1
454,corridor,-1,1
455,corridor,-1,1
456,roomDoor,72,1
457,corridor,-1,1
458,corridor,-1,1
459,corridor,-1,1
460,corridor,-1,1
461,roomDoor,52,1
462,corridor,-1,1
463,roomDoor,57,1
464,corridor,-1,1
1005,corridor,-1,1
1006,roomDoor,238,1
1007,corridor,-1,1
1009,roomDoor,236,1
1010,corridor,-1,1
1012,roomDoor,231,1
1013,corridor,-1,1
1014,roomDoor,234,1
1015,corridor,-1,1
1016,roomDoor,222,1
1017,corridor,-1,1
1018,corridor,-1,1
1019,corridor,-1,1
1197,corridor,-1,1
1198,stairs,-1,1
1199,corridor,-1,1
1200,corridor,-1,1
1202,roomDoor,256,1
1203,corridor,-1,1
1204,roomDoor,266,1
1205,corridor,-1,1
1206,roomDoor,264,1
1207,corridor,-1,1
1208,roomDoor,265,1
1209,corridor,-1,1
1210,stairs,-1,1
1211,corridor,-1,1
1212,corridor,-1,1
1213,corridor,-1,1
1215,corridor,-1,1
1216,roomDoor,259,1
1217,corridor,-1,1
1218,roomDoor,261,1
1219,corridor,-1,1
1220,roomDoor,260,1
1221,corridor,-1,1
1222,elevator,-1,1
1223,corridor,-1,1
1224,roomDoor,269,1
1225,roomDoor,262,1
1226,corridor,-1,1
1227,roomDoor,258,1
1230,corridor,-1,1
1939,roomDoor,742,1
1940,corridor,-1,1
1941,roomDoor,737,1
1942,corridor,-1,1
1943,roomDoor,709,1
1944,roomDoor,739,1
1945,corridor,-1,1
1946,roomDoor,743,1
1947,corridor,-1,1
1948,stairs,-1,1
1949,corridor,-1,1
1950,stairs,-1,1
1952,roomDoor,752,1
1953,corridor,-1,1
1954,roomDoor,748,1
1955,corridor,-1,1
1956,roomDoor,744,1
1957,corridor,-1,1
1958,roomDoor,747,1
15,corridor,-1,1
16,roomDoor,171,1
17,corridor,-1,1
18,roomDoor,167,1
19,roomDoor,168,1
76,corridor,-1,1
77,elevator,-1,1
78,roomDoor,154,1
79,corridor,-1,1
465,roomDoor,53,1
466,corridor,-1,1
468,corridor,-1,1
469,roomDoor,56,1
470,corridor,-1,1
471,roomDoor,58,1
472,corridor,-1,1
473,roomDoor,55,1
474,corridor,-1,1
475,roomDoor,62,1
476,corridor,-1,1
477,roomDoor,54,1
478,corridor,-1,1
479,elevator,-1,1
480,corridor,-1,1
481,corridor,-1,1
483,corridor,-1,1
484,stairs,-1,1
1020,roomDoor,228,1
1021,roomDoor,230,1
1022,corridor,-1,1
1023,stairs,-1,1
1024,corridor,-1,1
1025,roomDoor,220,1
1026,corridor,-1,1
1027,stairs,-1,1
1233,roomDoor,263,1
1234,roomDoor,278,1
1236,roomDoor,267,1
1237,corridor,-1,1
1238,roomDoor,268,1
1239,roomDoor,267,1
1240,roomDoor,271,1
1241,roomDoor,268,1
1242,roomDoor,274,1
1243,roomDoor,254,1
1245,corridor,-1,1
1246,stairs,-1,1
1247,corridor,-1,1
1248,roomDoor,274,1
1249,corridor,-1,1
1250,roomDoor,275,1
1252,corridor,-1,1
1253,roomDoor,254,1
1255,roomDoor,254,1
1256,roomDoor,254,1
1257,roomDoor,254,1
1959,corridor,-1,1
1961,corridor,-1,1
1962,roomDoor,740,1
1963,roomDoor,738,1
1964,corridor,-1,1
1965,roomDoor,722,1
1966,corridor,-1,1
1967,roomDoor,713,1
1968,corridor,-1,1
1969,roomDoor,718,1
1970,corridor,-1,1
1971,roomDoor,714,1
1972,corridor,-1,1
1974,corridor,-1,1
1975,roomDoor,715,1
1976,corridor,-1,1
1977,roomDoor,729,1
1978,roomDoor,731,1
4033,corridor,-1,1
4034,corridor,-1,1
4036,corridor,-1,1
4037,corridor,-1,1
4038,corridor,-1,1
4039,stairs,-1,1
4040,roomDoor,1507,1
4041,corridor,-1,1
4042,roomDoor,1508,1
4043,corridor,-1,1
4044,corridor,-1,1
4045,corridor,-1,1
4046,stairs,-1,1
4047,corridor,-1,1
4048,corridor,-1,1
4049,corridor,-1,1
4050,stairs,-1,1
4051,corridor,-1,1
4053,roomDoor,1517,1
4054,corridor,-1,1
4055,corridor,-1,1
4056,elevator,-1,1
4057,corridor,-1,1
4058,roomDoor,1514,1
4059,corridor,-1,1
4060,roomDoor,1516,1
4061,corridor,-1,1
4062,corridor,-1,1
4063,corridor,-1,1
4064,corridor,-1,1
4065,corridor,-1,1
4066,corridor,-1,1
4067,corridor,-1,1
4068,roomDoor,1518,1
4070,roomDoor,1515,1
4071,corridor,-1,1
4072,roomDoor,1509,1
4073,corridor,-1,1
4074,corridor,-1,1
4075,corridor,-1,1
4076,corridor,-1,1
4077,stairs,-1,1
4078,corridor,-1,1
4079,corridor,-1,1
4080,corridor,-1,1
4081,corridor,-1,1
4082,corridor,-1,1
4083,roomDoor,1511,1
4084,corridor,-1,1
4085,elevator,-1,1
4087,roomDoor,1510,1
4088,corridor,-1,1
4089,corridor,-1,1
4090,corridor,-1,1
4091,roomDoor,1512,1
4092,corridor,-1,1
4093,corridor,-1,1
4094,corridor,-1,1
4095,corridor,-1,1
4096,stairs,-1,1
4097,corridor,-1,1
4098,corridor,-1,1
4099,corridor,-1,1
4100,corridor,-1,1
4101,corridor,-1,1
4102,corridor,-1,1
4103,corridor,-1,1
4104,corridor,-1,1
4106,corridor,-1,1
4107,corridor,-1,1
4108,corridor,-1,1
4109,roomDoor,1533,1
4110,corridor,-1,1
4111,corridor,-1,1
4112,corridor,-1,1
4113,stairs,-1,1
4115,corridor,-1,1
4116,corridor,-1,1
4118,roomDoor,1532,1
4119,corridor,-1,1
4120,corridor,-1,1
4121,corridor,-1,1
4122,corridor,-1,1
4123,corridor,-1,1
4124,corridor,-1,1
4125,corridor,-1,1
4126,stairs,-1,1
4127,corridor,-1,1
4128,corridor,-1,1
4129,roomDoor,1531,1
4130,corridor,-1,1
4131,corridor,-1,1
4132,corridor,-1,1
4133,corridor,-1,1
4134,elevator,-1,1
4135,corridor,-1,1
4137,corridor,-1,1
4138,corridor,-1,1
4139,corridor,-1,1
4140,corridor,-1,1
4141,corridor,-1,1
4142,corridor,-1,1
4143,corridor,-1,1
4144,corridor,-1,1
4145,corridor,-1,1
4146,corridor,-1,1
4147,corridor,-1,1
4148,corridor,-1,1
4149,corridor,-1,1
4150,elevator,-1,1
4151,corridor,-1,1
4152,corridor,-1,1
4153,corridor,-1,1
4154,corridor,-1,1
4155,corridor,-1,1
4156,corridor,-1,1
4157,corridor,-1,1
4158,corridor,-1,1
4159,corridor,-1,1
4160,corridor,-1,1
4162,corridor,-1,1
4163,corridor,-1,1
4164,corridor,-1,1
4165,stairs,-1,1
4166,roomDoor,1519,1
4167,roomDoor,1520,1
4168,corridor,-1,1
4169,corridor,-1,1
4170,corridor,-1,1
4171,roomDoor,1521,1
4172,corridor,-1,1
4173,roomDoor,1523,1
4174,corridor,-1,1
4175,corridor,-1,1
4177,corridor,-1,1
4178,stairs,-1,1
4179,corridor,-1,1
4180,roomDoor,1525,1
4181,corridor,-1,1
4182,corridor,-1,1
4183,elevator,-1,1
4184,corridor,-1,1
4185,roomDoor,1524,1
4186,corridor,-1,1
4187,roomDoor,1526,1
4188,corridor,-1,1
4189,corridor,-1,1
4190,corridor,-1,1
4192,corridor,-1,1
4193,roomDoor,1529,1
4194,corridor,-1,1
4195,roomDoor,1528,1
4197,roomDoor,1527,1
4198,corridor,-1,1
4200,corridor,-1,1
4201,corridor,-1,1
4202,roomDoor,1609,1
4203,corridor,-1,1
4204,corridor,-1,1
4205,roomDoor,1607,1
4206,corridor,-1,1
4207,roomDoor,1613,1
4208,roomDoor,1612,1
4209,roomDoor,1612,1
4210,corridor,-1,1
4212,roomDoor,1603,1
4213,corridor,-1,1
4214,roomDoor,1612,1
4215,roomDoor,1612,1
4216,roomDoor,1603,1
4217,corridor,-1,1
4218,roomDoor,1603,1
4219,roomDoor,1605,1
4220,corridor,-1,1
4221,roomDoor,1606,1
4222,corridor,-1,1
4224,corridor,-1,1
4225,roomDoor,1591,1
4226,roomDoor,1594,1
4227,corridor,-1,1
4228,roomDoor,1590,1
4229,roomDoor,1594,1
4230,roomDoor,1592,1
4231,roomDoor,1594,1
4232,roomDoor,1595,1
4234,roomDoor,1594,1
4235,roomDoor,1594,1
4236,roomDoor,1593,1
4237,roomDoor,1594,1
4238,stairs,-1,1
4239,corridor,-1,1
4240,roomDoor,1594,1
4241,roomDoor,1602,1
4242,roomDoor,1601,1
4244,roomDoor,1598,1
4245,roomDoor,1598,1
4246,corridor,-1,1
4247,corridor,-1,1
4248,corridor,-1,1
4249,corridor,-1,1
4250,corridor,-1,1
4251,stairs,-1,1
4252,corridor,-1,1
4253,corridor,-1,1
4254,corridor,-1,1
4255,stairs,-1,1
4257,stairs,-1,1
4258,corridor,-1,1
4259,roomDoor,1599,1
4260,roomDoor,1597,1
4261,corridor,-1,1
4262,corridor,-1,1
4263,corridor,-1,1
4264,roomDoor,1589,1
4265,corridor,-1,1
4266,corridor,-1,1
4267,corridor,-1,1
4268,roomDoor,1596,1
4269,corridor,-1,1
4270,corridor,-1,1
4271,corridor,-1,1
4272,corridor,-1,1
4274,corridor,-1,1
4275,corridor,-1,1
4276,corridor,-1,1
4277,roomDoor,1631,1
4279,corridor,-1,1
4280,roomDoor,1634,1
4281,corridor,-1,1
4282,roomDoor,1629,1
4284,corridor,-1,1
4285,roomDoor,1647,1
4286,corridor,-1,1
4287,roomDoor,1647,1
4288,corridor,-1,1
4289,roomDoor,1630,1
4290,corridor,-1,1
4291,roomDoor,1628,1
4292,corridor,-1,1
4293,roomDoor,1635,1
4294,corridor,-1,1
4295,roomDoor,1647,1
4297,roomDoor,1646,1
4298,corridor,-1,1
4299,roomDoor,1645,1
4300,corridor,-1,1
4301,roomDoor,1648,1
4302,elevator,-1,1
4303,stairs,-1,1
4304,corridor,-1,1
4305,corridor,-1,1
4306,corridor,-1,1
4307,roomDoor,1636,1
4308,corridor,-1,1
4310,stairs,-1,1
4311,corridor,-1,1
4312,roomDoor,1627,1
4313,roomDoor,1627,1
4314,roomDoor,1649,1
4315,roomDoor,1649,1
4316,corridor,-1,1
4317,roomDoor,1641,1
4318,roomDoor,1627,1
4319,roomDoor,1627,1
4321,corridor,-1,1
4322,stairs,-1,1
4323,roomDoor,1627,1
4324,stairs,-1,1
4325,corridor,-1,1
4326,roomDoor,1617,1
4327,stairs,-1,1
4328,corridor,-1,1
4329,corridor,-1,1
4330,corridor,-1,1
4331,corridor,-1,1
4332,stairs,-1,1
4334,roomDoor,1582,1
4335,roomDoor,1582,1
4336,stairs,-1,1
4337,corridor,-1,1
4338,roomDoor,1581,1
4339,corridor,-1,1
4340,roomDoor,1580,1
4341,corridor,-1,1
4342,roomDoor,1580,1
4343,corridor,-1,1
4344,roomDoor,1577,1
4345,corridor,-1,1
4347,corridor,-1,1
4348,corridor,-1,1
4349,stairs,-1,1
4350,corridor,-1,1
4351,roomDoor,1564,1
4352,corridor,-1,1
4353,roomDoor,1568,1
4354,corridor,-1,1
4355,roomDoor,1566,1
4356,corridor,-1,1
4357,roomDoor,1565,1
4358,corridor,-1,1
4361,roomDoor,1563,1
4363,roomDoor,1571,1
4364,corridor,-1,1
4365,roomDoor,1574,1
4366,corridor,-1,1
4367,stairs,-1,1
4368,roomDoor,1574,1
4369,corridor,-1,1
4370,roomDoor,1573,1
4371,roomDoor,1573,1
4372,corridor,-1,1
4373,corridor,-1,1
4374,corridor,-1,1
4376,roomDoor,1575,1
4377,stairs,-1,1
4378,corridor,-1,1
4379,corridor,-1,1
4380,corridor,-1,1
4381,corridor,-1,1
4382,corridor,-1,1
4383,corridor,-1,1
4384,corridor,-1,1
4385,corridor,-1,1
4386,roomDoor,1585,1
4387,corridor,-1,1
4388,stairs,-1,1
4389,corridor,-1,1
4390,corridor,-1,1
4392,roomDoor,1562,1
4393,corridor,-1,1
4394,roomDoor,1587,1
4395,corridor,-1,1
4396,roomDoor,1583,1
4397,corridor,-1,1
4398,roomDoor,1560,1
4399,corridor,-1,1
4400,roomDoor,1557,1
4401,corridor,-1,1
4402,roomDoor,1559,1
4403,corridor,-1,1
4405,corridor,-1,1
4406,corridor,-1,1
4407,stairs,-1,1
4408,corridor,-1,1
4409,roomDoor,1541,1
4410,corridor,-1,1
4411,corridor,-1,1
4412,stairs,-1,1
4413,roomDoor,1540,1
4414,corridor,-1,1
4415,corridor,-1,1
4416,roomDoor,1535,1
4417,corridor,-1,1
4418,roomDoor,1542,1
4420,corridor,-1,1
4421,stairs,-1,1
4422,corridor,-1,1
4423,roomDoor,1536,1
4424,roomDoor,1537,1
4425,corridor,-1,1
4426,roomDoor,1538,1
4427,corridor,-1,1
4428,corridor,-1,1
4429,roomDoor,1534,1
4430,roomDoor,1534,1
4432,roomDoor,1539,1
4433,roomDoor,1539,1
4434,corridor,-1,1
4435,corridor,-1,1
4436,corridor,-1,1
4437,corridor,-1,1
4438,corridor,-1,1
4439,corridor,-1,1
4440,corridor,-1,1
4441,corridor,-1,1
3520,corridor,-1,1
3522,corridor,-1,1
3523,roomDoor,1227,1
3524,roomDoor,1238,1
3525,corridor,-1,1
3526,roomDoor,1236,1
3527,corridor,-1,1
3528,roomDoor,1231,1
3529,corridor,-1,1
3530,roomDoor,1250,1
3531,corridor,-1,1
3532,corridor,-1,1
3533,roomDoor,1241,1
3535,roomDoor,1243,1
3536,corridor,-1,1
3537,roomDoor,1226,1
3538,corridor,-1,1
3539,corridor,-1,1
3540,roomDoor,1224,1
3541,corridor,-1,1
3542,roomDoor,1225,1
3543,roomDoor,1240,1
3545,roomDoor,1289,1
3546,corridor,-1,1
3548,corridor,-1,1
3549,roomDoor,1287,1
3550,corridor,-1,1
3551,stairs,-1,1
3552,corridor,-1,1
3553,stairs,-1,1
3554,corridor,-1,1
3555,roomDoor,1288,1
3556,stairs,-1,1
3557,corridor,-1,1
3558,roomDoor,1267,1
3559,corridor,-1,1
3560,elevator,-1,1
3562,corridor,-1,1
3563,roomDoor,1262,1
3564,corridor,-1,1
3565,roomDoor,1264,1
3566,corridor,-1,1
4442,corridor,-1,1
4443,roomDoor,1552,1
4444,corridor,-1,1
4445,roomDoor,1543,1
4446,corridor,-1,1
4447,stairs,-1,1
4448,corridor,-1,1
4449,roomDoor,1544,1
4451,roomDoor,1547,1
4452,corridor,-1,1
4453,roomDoor,1546,1
4454,corridor,-1,1
4455,roomDoor,1551,1
4456,corridor,-1,1
4459,corridor,-1,1
4461,elevator,-1,1
4462,roomDoor,1549,1
4463,corridor,-1,1
4464,corridor,-1,1
4465,roomDoor,1553,1
4466,corridor,-1,1
4468,corridor,-1,1
4469,corridor,-1,1
4470,roomDoor,1548,1
4471,stairs,-1,1
4472,corridor,-1,1
4473,corridor,-1,1
4474,corridor,-1,1
4475,corridor,-1,1
4476,corridor,-1,1
4477,corridor,-1,1
4478,roomDoor,1555,1
4479,roomDoor,1553,1
2656,corridor,-1,1
2657,corridor,-1,1
2658,elevator,-1,1
3567,roomDoor,1282,1
3568,roomDoor,1270,1
3569,corridor,-1,1
3570,roomDoor,1265,1
3571,roomDoor,1260,1
3572,corridor,-1,1
3573,roomDoor,1261,1
3574,corridor,-1,1
3575,roomDoor,1259,1
3576,corridor,-1,1
3578,corridor,-1,1
3579,roomDoor,1285,1
3580,corridor,-1,1
3581,roomDoor,1256,1
3582,corridor,-1,1
3583,roomDoor,1253,1
3584,corridor,-1,1
3585,stairs,-1,1
3586,corridor,-1,1
3587,stairs,-1,1
3588,corridor,-1,1
3589,stairs,-1,1
3591,corridor,-1,1
3592,roomDoor,1252,1
3593,corridor,-1,1
3594,elevator,-1,1
3595,roomDoor,1275,1
3596,corridor,-1,1
3597,stairs,-1,1
3598,roomDoor,1281,1
3599,roomDoor,1266,1
3600,corridor,-1,1
3601,roomDoor,1276,1
3602,corridor,-1,1
3604,corridor,-1,1
3605,roomDoor,1257,1
3606,roomDoor,1258,1
3607,corridor,-1,1
3608,roomDoor,1254,1
3609,roomDoor,1290,1
3610,corridor,-1,1
3611,roomDoor,1251,1
3612,roomDoor,1269,1
3613,corridor,-1,1
3615,roomDoor,1255,1
3617,roomDoor,1271,1
3618,corridor,-1,1
3619,roomDoor,1274,1
3620,corridor,-1,1
3621,roomDoor,1277,1
3622,corridor,-1,1
3623,roomDoor,1284,1
3624,corridor,-1,1
3625,roomDoor,1280,1
3626,roomDoor,1272,1
3627,corridor,-1,1
3628,corridor,-1,1
3630,corridor,-1,1
3631,roomDoor,1358,1
3632,corridor,-1,1
3633,elevator,-1,1
3634,roomDoor,1355,1
3635,corridor,-1,1
3636,roomDoor,1343,1
3637,corridor,-1,1
3638,roomDoor,1353,1
3639,corridor,-1,1
3640,roomDoor,1342,1
3641,corridor,-1,1
3643,corridor,-1,1
3644,roomDoor,1348,1
2660,corridor,-1,1
2661,corridor,-1,1
2662,corridor,-1,1
2663,stairs,-1,1
2664,corridor,-1,1
2665,corridor,-1,1
2666,corridor,-1,1
2667,corridor,-1,1
2668,elevator,-1,1
2671,corridor,-1,1
2672,corridor,-1,1
2673,corridor,-1,1
2674,roomDoor,811,1
2675,roomDoor,810,1
2676,corridor,-1,1
2678,stairs,-1,1
2679,corridor,-1,1
2680,corridor,-1,1
2681,roomDoor,808,1
2682,roomDoor,807,1
2683,corridor,-1,1
2684,roomDoor,814,1
2685,corridor,-1,1
2686,roomDoor,809,1
2687,corridor,-1,1
2688,corridor,-1,1
2689,corridor,-1,1
2690,corridor,-1,1
2691,corridor,-1,1
2692,corridor,-1,1
2693,corridor,-1,1
2695,corridor,-1,1
2696,corridor,-1,1
2697,roomDoor,951,1
2698,corridor,-1,1
2699,roomDoor,952,1
2700,corridor,-1,1
2701,roomDoor,950,1
2702,corridor,-1,1
2703,roomDoor,954,1
2704,stairs,-1,1
2705,corridor,-1,1
2706,roomDoor,956,1
2708,roomDoor,949,1
3645,roomDoor,1346,1
3646,corridor,-1,1
3647,roomDoor,1359,1
3648,roomDoor,1338,1
3649,corridor,-1,1
3650,roomDoor,1337,1
3651,corridor,-1,1
3652,roomDoor,1340,1
3653,corridor,-1,1
3655,corridor,-1,1
3656,roomDoor,1336,1
3657,corridor,-1,1
3658,roomDoor,1335,1
3659,roomDoor,1345,1
3660,corridor,-1,1
3661,roomDoor,1339,1
3662,corridor,-1,1
3663,roomDoor,1334,1
3664,corridor,-1,1
3665,corridor,-1,1
3666,roomDoor,1351,1
3668,roomDoor,1354,1
3669,corridor,-1,1
3670,roomDoor,1347,1
3671,roomDoor,1350,1
3672,corridor,-1,1
3673,roomDoor,1344,1
3674,corridor,-1,1
3675,roomDoor,1357,1
3676,roomDoor,1356,1
3677,corridor,-1,1
2710,corridor,-1,1
2711,roomDoor,955,1
2712,corridor,-1,1
2713,roomDoor,946,1
2714,corridor,-1,1
2715,corridor,-1,1
2716,corridor,-1,1
2717,roomDoor,866,1
2718,corridor,-1,1
2719,corridor,-1,1
2720,corridor,-1,1
2721,corridor,-1,1
2722,roomDoor,867,1
2724,corridor,-1,1
2725,corridor,-1,1
2726,roomDoor,877,1
2727,roomDoor,879,1
2728,corridor,-1,1
2903,corridor,-1,1
2729,roomDoor,878,1
2730,corridor,-1,1
2731,roomDoor,869,1
2732,corridor,-1,1
2733,roomDoor,870,1
2734,corridor,-1,1
2735,roomDoor,876,1
2737,roomDoor,871,1
2738,corridor,-1,1
2739,roomDoor,872,1
2740,corridor,-1,1
2741,roomDoor,875,1
2742,corridor,-1,1
2743,roomDoor,873,1
2744,corridor,-1,1
2745,roomDoor,874,1
2746,roomDoor,868,1
2747,corridor,-1,1
2749,corridor,-1,1
2750,corridor,-1,1
2751,roomDoor,839,1
2752,corridor,-1,1
2753,elevator,-1,1
2754,corridor,-1,1
2755,roomDoor,826,1
2756,corridor,-1,1
2757,corridor,-1,1
2758,elevator,-1,1
2759,roomDoor,831,1
2760,corridor,-1,1
2761,roomDoor,830,1
2762,corridor,-1,1
2763,roomDoor,829,1
2765,corridor,-1,1
2766,stairs,-1,1
2767,corridor,-1,1
2768,roomDoor,827,1
2769,corridor,-1,1
2770,roomDoor,833,1
2771,corridor,-1,1
2772,roomDoor,836,1
2773,corridor,-1,1
2774,roomDoor,825,1
2775,corridor,-1,1
2776,roomDoor,838,1
2778,roomDoor,832,1
2779,corridor,-1,1
2780,roomDoor,837,1
2781,roomDoor,840,1
2782,corridor,-1,1
2783,roomDoor,841,1
2784,corridor,-1,1
2785,roomDoor,842,1
2786,corridor,-1,1
2787,stairs,-1,1
2788,corridor,-1,1
2789,corridor,-1,1
2791,roomDoor,846,1
2792,corridor,-1,1
2793,roomDoor,843,1
2794,corridor,-1,1
2795,stairs,-1,1
2796,corridor,-1,1
2797,roomDoor,850,1
2798,corridor,-1,1
2799,roomDoor,851,1
2800,corridor,-1,1
2801,elevator,-1,1
2802,corridor,-1,1
2804,roomDoor,853,1
2805,corridor,-1,1
2806,roomDoor,855,1
2807,corridor,-1,1
2808,roomDoor,858,1
2809,corridor,-1,1
2810,stairs,-1,1
2811,corridor,-1,1
2812,roomDoor,844,1
2813,corridor,-1,1
2814,roomDoor,835,1
2815,corridor,-1,1
2817,roomDoor,834,1
2818,corridor,-1,1
2819,roomDoor,852,1
2820,corridor,-1,1
2821,roomDoor,849,1
2822,corridor,-1,1
2823,roomDoor,856,1
2824,corridor,-1,1
2825,roomDoor,859,1
2826,corridor,-1,1
2827,roomDoor,860,1
2828,corridor,-1,1
2831,corridor,-1,1
2832,roomDoor,854,1
2833,roomDoor,862,1
2835,roomDoor,861,1
2836,roomDoor,861,1
2837,roomDoor,861,1
2838,roomDoor,801,1
2840,corridor,-1,1
2841,stairs,-1,1
2842,corridor,-1,1
2844,corridor,-1,1
2845,elevator,-1,1
2846,roomDoor,1037,1
2847,corridor,-1,1
2848,roomDoor,1044,1
2849,corridor,-1,1
2850,roomDoor,1032,1
2851,corridor,-1,1
2852,roomDoor,1042,1
2853,corridor,-1,1
2854,roomDoor,1031,1
2855,corridor,-1,1
2856,roomDoor,1049,1
2858,roomDoor,1036,1
2859,roomDoor,1034,1
2860,corridor,-1,1
2861,roomDoor,1048,1
2862,roomDoor,1027,1
2863,corridor,-1,1
2864,roomDoor,1026,1
2865,corridor,-1,1
2866,roomDoor,1029,1
2867,corridor,-1,1
2869,corridor,-1,1
2870,roomDoor,1025,1
2871,corridor,-1,1
2872,roomDoor,1024,1
2873,roomDoor,1035,1
2875,roomDoor,1033,1
2876,corridor,-1,1
2878,corridor,-1,1
2879,roomDoor,1050,1
2880,corridor,-1,1
2881,roomDoor,1038,1
2882,corridor,-1,1
2883,roomDoor,1043,1
2884,corridor,-1,1
2885,roomDoor,1039,1
2886,corridor,-1,1
2887,roomDoor,1040,1
2888,corridor,-1,1
2889,roomDoor,1041,1
2890,corridor,-1,1
2891,stairs,-1,1
2893,roomDoor,986,1
2894,corridor,-1,1
2895,roomDoor,983,1
2896,corridor,-1,1
2897,roomDoor,984,1
2898,corridor,-1,1
2899,stairs,-1,1
2900,corridor,-1,1
2901,corridor,-1,1
2902,corridor,-1,1
2904,corridor,-1,1
2905,corridor,-1,1
2906,corridor,-1,1
2908,stairs,-1,1
2909,corridor,-1,1
2910,stairs,-1,1
2911,elevator,-1,1
2912,corridor,-1,1
2913,roomDoor,988,1
2914,corridor,-1,1
2915,corridor,-1,1
2916,corridor,-1,1
2917,corridor,-1,1
2918,corridor,-1,1
2920,corridor,-1,1
2921,stairs,-1,1
2922,corridor,-1,1
2923,corridor,-1,1
2925,stairs,-1,1
2926,corridor,-1,1
2927,stairs,-1,1
2928,corridor,-1,1
2929,roomDoor,1022,1
2930,corridor,-1,1
2931,roomDoor,1018,1
2932,corridor,-1,1
2933,roomDoor,1014,1
2934,corridor,-1,1
2935,roomDoor,1017,1
2936,corridor,-1,1
2938,corridor,-1,1
2939,roomDoor,1012,1
2940,roomDoor,1011,1
2941,corridor,-1,1
2942,roomDoor,997,1
2943,corridor,-1,1
2944,roomDoor,989,1
2945,corridor,-1,1
2946,roomDoor,993,1
2947,corridor,-1,1
2948,roomDoor,990,1
2949,corridor,-1,1
2951,corridor,-1,1
2952,roomDoor,1007,1
2953,corridor,-1,1
2954,elevator,-1,1
2955,roomDoor,1002,1
2956,corridor,-1,1
2958,corridor,-1,1
2959,roomDoor,1003,1
2960,corridor,-1,1
2961,roomDoor,1020,1
2962,roomDoor,1010,1
2963,corridor,-1,1
2964,roomDoor,1004,1
2965,roomDoor,999,1
2966,corridor,-1,1
2967,roomDoor,1000,1
2968,corridor,-1,1
2970,corridor,-1,1
2971,roomDoor,1008,1
2972,corridor,-1,1
2973,roomDoor,1023,1
2974,corridor,-1,1
2975,roomDoor,994,1
2976,corridor,-1,1
2977,roomDoor,991,1
2978,corridor,-1,1
2979,roomDoor,992,1
2980,corridor,-1,1
2981,roomDoor,996,1
2983,corridor,-1,1
2984,roomDoor,995,1
2985,corridor,-1,1
2986,roomDoor,1006,1
2987,corridor,-1,1
2988,roomDoor,1016,1
2989,corridor,-1,1
2990,roomDoor,1015,1
2991,roomDoor,1019,1
2992,roomDoor,1013,1
2993,corridor,-1,1
2995,corridor,-1,1
2996,corridor,-1,1
2997,corridor,-1,1
2998,corridor,-1,1
2999,corridor,-1,1
3000,corridor,-1,1
3001,corridor,-1,1
3002,stairs,-1,1
3003,corridor,-1,1
3004,corridor,-1,1
3005,corridor,-1,1
3006,corridor,-1,1
3007,stairs,-1,1
3008,corridor,-1,1
3009,corridor,-1,1
3010,roomDoor,1082,1
3011,corridor,-1,1
3012,corridor,-1,1
3014,corridor,-1,1
3015,corridor,-1,1
3016,roomDoor,1093,1
3017,corridor,-1,1
3018,roomDoor,1088,1
3019,corridor,-1,1
3020,roomDoor,1089,1
3021,corridor,-1,1
3022,corridor,-1,1
3023,roomDoor,1091,1
3024,corridor,-1,1
3025,corridor,-1,1
3026,roomDoor,1087,1
3027,corridor,-1,1
3028,elevator,-1,1
3030,elevator,-1,1
3031,stairs,-1,1
3032,corridor,-1,1
3033,roomDoor,1084,1
3034,corridor,-1,1
3035,corridor,-1,1
3036,corridor,-1,1
3037,roomDoor,1085,1
3040,corridor,-1,1
3041,roomDoor,1083,1
3042,corridor,-1,1
3043,elevator,-1,1
3044,corridor,-1,1
3045,roomDoor,1081,1
3046,roomDoor,1081,1
3047,corridor,-1,1
3048,corridor,-1,1
3049,corridor,-1,1
3050,corridor,-1,1
3051,corridor,-1,1
3052,corridor,-1,1
3053,corridor,-1,1
3054,corridor,-1,1
3055,stairs,-1,1
3057,corridor,-1,1
3058,roomDoor,1095,1
3059,corridor,-1,1
3060,roomDoor,1092,1
3061,corridor,-1,1
3062,corridor,-1,1
3063,corridor,-1,1
3064,corridor,-1,1
3065,roomDoor,1087,1
3066,corridor,-1,1
3067,corridor,-1,1
3068,corridor,-1,1
3070,roomDoor,1090,1
3071,corridor,-1,1
3072,corridor,-1,1
3073,corridor,-1,1
3075,corridor,-1,1
3076,roomDoor,1093,1
3077,corridor,-1,1
3078,roomDoor,1095,1
3079,corridor,-1,1
3080,roomDoor,1094,1
3081,corridor,-1,1
3082,corridor,-1,1
3083,corridor,-1,1
3084,roomDoor,1096,1
3085,roomDoor,1096,1
3086,corridor,-1,1
3088,corridor,-1,1
3089,roomDoor,1086,1
3090,corridor,-1,1
3091,corridor,-1,1
3092,corridor,-1,1
3093,stairs,-1,1
3094,corridor,-1,1
3095,corridor,-1,1
3096,corridor,-1,1
3097,stairs,-1,1
3098,corridor,-1,1
3099,corridor,-1,1
3100,corridor,-1,1
3101,corridor,-1,1
3102,corridor,-1,1
3103,roomDoor,1064,1
3104,corridor,-1,1
3105,elevator,-1,1
3106,corridor,-1,1
3107,corridor,-1,1
3109,roomDoor,1051,1
3110,corridor,-1,1
3111,stairs,-1,1
3112,corridor,-1,1
3113,roomDoor,1063,1
3114,corridor,-1,1
3115,roomDoor,1056,1
3116,corridor,-1,1
3117,corridor,-1,1
3118,roomDoor,1057,1
3119,roomDoor,1078,1
3120,corridor,-1,1
3122,corridor,-1,1
3123,roomDoor,1079,1
3124,corridor,-1,1
3125,roomDoor,1077,1
3126,corridor,-1,1
3127,roomDoor,1076,1
3128,corridor,-1,1
3129,roomDoor,1062,1
3130,corridor,-1,1
3131,roomDoor,1075,1
3132,corridor,-1,1
3134,corridor,-1,1
3135,roomDoor,1060,1
3136,corridor,-1,1
3137,roomDoor,1073,1
3138,corridor,-1,1
3139,corridor,-1,1
3140,roomDoor,1072,1
3141,roomDoor,1059,1
3142,corridor,-1,1
3143,roomDoor,1058,1
3144,corridor,-1,1
3145,roomDoor,1066,1
3147,roomDoor,1071,1
3148,corridor,-1,1
3149,roomDoor,1070,1
3150,corridor,-1,1
3151,roomDoor,1068,1
3152,corridor,-1,1
3153,roomDoor,1067,1
3154,corridor,-1,1
3155,roomDoor,1065,1
3156,corridor,-1,1
3157,roomDoor,1053,1
3158,corridor,-1,1
3160,roomDoor,1061,1
3161,corridor,-1,1
3162,roomDoor,1069,1
3163,corridor,-1,1
3164,roomDoor,978,1
3165,corridor,-1,1
3166,roomDoor,981,1
3167,corridor,-1,1
3168,roomDoor,982,1
3169,corridor,-1,1
3170,stairs,-1,1
3171,corridor,-1,1
3173,corridor,-1,1
3174,roomDoor,959,1
3175,roomDoor,960,1
3176,corridor,-1,1
3177,stairs,-1,1
3178,corridor,-1,1
3179,roomDoor,963,1
3180,corridor,-1,1
3181,roomDoor,964,1
3182,corridor,-1,1
3183,elevator,-1,1
3184,corridor,-1,1
3186,roomDoor,966,1
3187,corridor,-1,1
3188,roomDoor,970,1
3189,corridor,-1,1
3190,roomDoor,974,1
3191,corridor,-1,1
3192,roomDoor,976,1
3193,corridor,-1,1
3194,roomDoor,977,1
3195,corridor,-1,1
3196,roomDoor,980,1
3197,corridor,-1,1
3199,corridor,-1,1
3200,roomDoor,973,1
3201,corridor,-1,1
3203,corridor,-1,1
3204,roomDoor,958,1
3205,corridor,-1,1
3206,roomDoor,1055,1
3207,corridor,-1,1
3208,roomDoor,961,1
3209,roomDoor,1054,1
3210,corridor,-1,1
3211,roomDoor,969,1
3212,corridor,-1,1
3214,roomDoor,962,1
3215,corridor,-1,1
3216,roomDoor,971,1
3217,corridor,-1,1
3218,roomDoor,975,1
3219,corridor,-1,1
3220,roomDoor,957,1
3221,roomDoor,967,1
3222,roomDoor,968,1
3223,corridor,-1,1
3224,corridor,-1,1
3225,stairs,-1,1
3227,roomDoor,1161,1
3228,corridor,-1,1
3229,elevator,-1,1
3230,roomDoor,1154,1
3231,corridor,-1,1
3232,roomDoor,1159,1
3233,corridor,-1,1
3234,roomDoor,1149,1
3235,corridor,-1,1
3236,roomDoor,1157,1
3237,corridor,-1,1
3239,corridor,-1,1
3240,roomDoor,1163,1
3241,corridor,-1,1
3242,roomDoor,1153,1
3243,roomDoor,1151,1
3244,corridor,-1,1
3245,roomDoor,1162,1
3246,roomDoor,1144,1
3247,corridor,-1,1
3248,roomDoor,1143,1
3249,corridor,-1,1
3250,roomDoor,1146,1
3252,roomDoor,1147,1
3253,corridor,-1,1
3254,roomDoor,1142,1
3255,corridor,-1,1
3256,roomDoor,1141,1
3257,roomDoor,1152,1
3258,corridor,-1,1
3259,roomDoor,1150,1
3260,corridor,-1,1
3261,roomDoor,1145,1
3262,corridor,-1,1
3264,corridor,-1,1
3265,roomDoor,1156,1
3266,corridor,-1,1
3267,roomDoor,1158,1
3268,corridor,-1,1
3269,roomDoor,1140,1
3270,corridor,-1,1
3271,roomDoor,1160,1
3272,corridor,-1,1
3273,roomDoor,1138,1
3274,roomDoor,1155,1
3275,corridor,-1,1
3277,stairs,-1,1
3278,corridor,-1,1
3279,roomDoor,1100,1
3280,corridor,-1,1
3281,roomDoor,1097,1
3282,corridor,-1,1
3284,corridor,-1,1
3285,stairs,-1,1
3287,stairs,-1,1
3288,elevator,-1,1
3289,corridor,-1,1
3290,roomDoor,1102,1
3291,corridor,-1,1
3292,corridor,-1,1
3293,roomDoor,1099,1
3294,stairs,-1,1
3295,corridor,-1,1
3296,roomDoor,1136,1
3297,corridor,-1,1
3299,corridor,-1,1
3300,roomDoor,1128,1
3301,corridor,-1,1
3302,roomDoor,1131,1
3303,corridor,-1,1
3304,roomDoor,1101,1
3305,corridor,-1,1
3306,roomDoor,1126,1
3307,roomDoor,1125,1
3308,corridor,-1,1
3309,roomDoor,1111,1
3310,corridor,-1,1
3312,corridor,-1,1
3313,roomDoor,1107,1
3314,corridor,-1,1
3315,roomDoor,1104,1
3316,corridor,-1,1
3317,roomDoor,1119,1
3318,corridor,-1,1
3319,roomDoor,1121,1
3320,corridor,-1,1
3321,elevator,-1,1
3322,roomDoor,1116,1
3323,corridor,-1,1
3324,roomDoor,1115,1
3326,roomDoor,1117,1
3327,corridor,-1,1
3328,roomDoor,1134,1
3329,roomDoor,1124,1
3330,corridor,-1,1
3331,roomDoor,1118,1
3332,roomDoor,1113,1
3333,corridor,-1,1
3334,roomDoor,1114,1
3335,corridor,-1,1
3337,corridor,-1,1
3338,roomDoor,1122,1
3339,corridor,-1,1
3340,roomDoor,1137,1
3341,corridor,-1,1
3342,roomDoor,1108,1
3343,corridor,-1,1
3344,roomDoor,1105,1
3345,corridor,-1,1
3346,roomDoor,1106,1
3347,corridor,-1,1
3348,roomDoor,1110,1
3350,corridor,-1,1
3351,roomDoor,1109,1
3352,corridor,-1,1
3353,roomDoor,1120,1
3354,corridor,-1,1
3355,roomDoor,1130,1
3356,corridor,-1,1
3357,roomDoor,1129,1
3358,roomDoor,1133,1
3359,roomDoor,1123,1
3360,corridor,-1,1
3361,stairs,-1,1
3363,roomDoor,1127,1
3364,stairs,-1,1
3366,stairs,-1,1
3367,roomDoor,1175,1
3368,corridor,-1,1
3369,corridor,-1,1
3370,corridor,-1,1
3371,roomDoor,1190,1
3372,corridor,-1,1
3373,elevator,-1,1
3374,corridor,-1,1
3375,roomDoor,1186,1
3376,corridor,-1,1
3377,stairs,-1,1
3378,corridor,-1,1
3380,corridor,-1,1
3381,roomDoor,1179,1
3382,corridor,-1,1
3383,roomDoor,1178,1
3384,corridor,-1,1
3385,roomDoor,1177,1
3386,corridor,-1,1
3387,roomDoor,1176,1
3388,corridor,-1,1
3389,corridor,-1,1
3390,roomDoor,1173,1
3391,roomDoor,1172,1
3393,roomDoor,1171,1
3394,corridor,-1,1
3395,roomDoor,1191,1
3396,roomDoor,1189,1
3397,corridor,-1,1
3398,roomDoor,1168,1
3399,roomDoor,1188,1
3400,corridor,-1,1
3401,roomDoor,1187,1
3402,roomDoor,1169,1
3404,roomDoor,1170,1
3405,corridor,-1,1
3406,elevator,-1,1
3407,roomDoor,1166,1
3408,corridor,-1,1
3409,roomDoor,1185,1
3410,corridor,-1,1
3411,roomDoor,1167,1
3412,corridor,-1,1
3413,roomDoor,1174,1
3414,corridor,-1,1
3415,roomDoor,1183,1
3417,roomDoor,1184,1
3418,corridor,-1,1
3419,roomDoor,1165,1
3420,corridor,-1,1
3421,roomDoor,1182,1
3422,corridor,-1,1
3423,roomDoor,1181,1
3424,corridor,-1,1
3425,roomDoor,1218,1
3426,corridor,-1,1
3427,roomDoor,1195,1
3428,corridor,-1,1
3430,corridor,-1,1
3431,roomDoor,1199,1
3432,corridor,-1,1
3433,elevator,-1,1
3434,corridor,-1,1
3435,roomDoor,1209,1
3436,roomDoor,1212,1
3437,corridor,-1,1
3438,roomDoor,1219,1
3439,corridor,-1,1
3440,roomDoor,1193,1
3441,corridor,-1,1
3443,roomDoor,1192,1
3444,corridor,-1,1
3445,roomDoor,1208,1
20,corridor,-1,1
21,roomDoor,169,1
22,corridor,-1,1
81,buildingExit,1708,1
82,corridor,-1,1
83,corridor,-1,1
284,corridor,-1,1
383,roomDoor,14,1
421,roomDoor,67,1
485,corridor,-1,1
486,stairs,-1,1
487,stairs,-1,1
488,corridor,-1,1
489,corridor,-1,1
491,roomDoor,33,1
492,corridor,-1,1
493,roomDoor,61,1
678,stairs,-1,1
679,corridor,-1,1
680,corridor,-1,1
817,corridor,-1,1
819,corridor,-1,1
821,corridor,-1,1
823,corridor,-1,1
984,roomDoor,225,1
1029,corridor,-1,1
1258,corridor,-1,1
1259,roomDoor,268,1
1260,roomDoor,268,1
1261,roomDoor,268,1
1262,roomDoor,253,1
1263,corridor,-1,1
1264,roomDoor,578,1
1265,roomDoor,577,1
1266,stairs,-1,1
1268,corridor,-1,1
1269,corridor,-1,1
1881,roomDoor,765,1
1882,corridor,-1,1
1883,roomDoor,778,1
1979,corridor,-1,1
2003,roomDoor,753,1
2004,corridor,-1,1
2005,roomDoor,719,1
3446,corridor,-1,1
3447,roomDoor,1217,1
3448,corridor,-1,1
3450,corridor,-1,1
3451,roomDoor,1206,1
3452,roomDoor,1207,1
3453,roomDoor,1207,1
3454,roomDoor,1194,1
3455,corridor,-1,1
822,roomDoor,393,1
3457,roomDoor,1198,1
3458,corridor,-1,1
3459,roomDoor,1201,1
3460,corridor,-1,1
3461,roomDoor,1200,1
3462,corridor,-1,1
3464,corridor,-1,1
3465,corridor,-1,1
3466,corridor,-1,1
3467,roomDoor,1205,1
3468,roomDoor,1222,1
3469,roomDoor,1204,1
3470,corridor,-1,1
3471,roomDoor,1203,1
3472,corridor,-1,1
3473,roomDoor,1202,1
3474,corridor,-1,1
3475,roomDoor,1215,1
3477,stairs,-1,1
87,roomDoor,141,1
88,corridor,-1,1
89,corridor,-1,1
90,corridor,-1,1
91,elevator,-1,1
92,corridor,-1,1
93,roomDoor,127,1
94,roomDoor,128,1
95,corridor,-1,1
96,corridor,-1,1
97,roomDoor,124,1
98,corridor,-1,1
307,corridor,-1,1
308,roomDoor,28,1
310,roomDoor,21,1
311,corridor,-1,1
312,roomDoor,20,1
514,roomDoor,34,1
515,roomDoor,39,1
517,corridor,-1,1
519,roomDoor,39,1
520,roomDoor,39,1
521,roomDoor,46,1
522,corridor,-1,1
524,corridor,-1,1
525,corridor,-1,1
526,roomDoor,31,1
848,corridor,-1,1
849,corridor,-1,1
850,corridor,-1,1
851,corridor,-1,1
852,corridor,-1,1
853,corridor,-1,1
854,corridor,-1,1
855,corridor,-1,1
856,stairs,-1,1
857,corridor,-1,1
858,roomDoor,350,1
859,corridor,-1,1
861,corridor,-1,1
862,roomDoor,341,1
1046,roomDoor,245,1
1047,roomDoor,245,1
1048,corridor,-1,1
1049,roomDoor,245,1
1050,corridor,-1,1
1051,roomDoor,247,1
1052,corridor,-1,1
1054,corridor,-1,1
1326,roomDoor,556,1
1328,corridor,-1,1
1329,roomDoor,553,1
1330,corridor,-1,1
1331,stairs,-1,1
1332,corridor,-1,1
1333,roomDoor,514,1
1334,corridor,-1,1
1335,roomDoor,513,1
1336,corridor,-1,1
1337,roomDoor,508,1
1338,corridor,-1,1
1339,roomDoor,512,1
1340,corridor,-1,1
1342,corridor,-1,1
1343,roomDoor,505,1
1344,corridor,-1,1
1345,roomDoor,525,1
1346,corridor,-1,1
1347,roomDoor,503,1
1348,corridor,-1,1
1349,roomDoor,524,1
1350,corridor,-1,1
1351,stairs,-1,1
1352,corridor,-1,1
39,roomDoor,150,1
40,corridor,-1,1
41,roomDoor,149,1
42,roomDoor,151,1
43,corridor,-1,1
99,elevator,-1,1
100,corridor,-1,1
101,elevator,-1,1
102,corridor,-1,1
313,roomDoor,22,1
314,corridor,-1,1
315,corridor,-1,1
316,corridor,-1,1
319,corridor,-1,1
320,corridor,-1,1
321,corridor,-1,1
322,corridor,-1,1
323,corridor,-1,1
527,roomDoor,31,1
528,roomDoor,35,1
529,corridor,-1,1
530,roomDoor,44,1
531,corridor,-1,1
532,roomDoor,49,1
533,corridor,-1,1
534,corridor,-1,1
535,roomDoor,41,1
537,corridor,-1,1
538,roomDoor,42,1
539,corridor,-1,1
863,roomDoor,342,1
864,corridor,-1,1
865,roomDoor,343,1
866,corridor,-1,1
868,corridor,-1,1
869,roomDoor,339,1
870,corridor,-1,1
871,roomDoor,338,1
873,roomDoor,340,1
874,corridor,-1,1
875,roomDoor,344,1
1056,roomDoor,245,1
1057,roomDoor,246,1
1058,corridor,-1,1
1059,roomDoor,248,1
1060,roomDoor,246,1
1061,corridor,-1,1
1062,corridor,-1,1
1353,roomDoor,500,1
1354,corridor,-1,1
1355,roomDoor,520,1
1356,corridor,-1,1
1357,roomDoor,518,1
1358,corridor,-1,1
1359,stairs,-1,1
1360,corridor,-1,1
1361,corridor,-1,1
1362,corridor,-1,1
1363,corridor,-1,1
1364,corridor,-1,1
1365,roomDoor,510,1
1366,corridor,-1,1
1367,corridor,-1,1
1368,corridor,-1,1
1370,roomDoor,516,1
1371,corridor,-1,1
1372,stairs,-1,1
1373,corridor,-1,1
1374,roomDoor,522,1
1375,corridor,-1,1
1376,roomDoor,519,1
1377,corridor,-1,1
1378,roomDoor,517,1
1379,corridor,-1,1
46,corridor,-1,1
47,corridor,-1,1
48,roomDoor,148,1
49,corridor,-1,1
103,stairs,-1,1
104,corridor,-1,1
105,corridor,-1,1
106,corridor,-1,1
107,roomDoor,138,1
108,corridor,-1,1
109,stairs,-1,1
324,stairs,-1,1
326,roomDoor,27,1
327,corridor,-1,1
329,roomDoor,20,1
330,corridor,-1,1
331,roomDoor,20,1
332,roomDoor,19,1
333,roomDoor,18,1
334,roomDoor,19,1
335,corridor,-1,1
340,corridor,-1,1
341,roomDoor,18,1
540,roomDoor,47,1
541,corridor,-1,1
542,roomDoor,48,1
543,corridor,-1,1
544,buildingExit,1709,1
545,corridor,-1,1
546,corridor,-1,1
547,buildingExit,1709,1
548,corridor,-1,1
549,roomDoor,188,1
550,corridor,-1,1
551,roomDoor,172,1
876,corridor,-1,1
878,corridor,-1,1
879,roomDoor,336,1
880,corridor,-1,1
881,roomDoor,344,1
1064,corridor,-1,1
1065,roomDoor,311,1
1066,corridor,-1,1
1067,roomDoor,312,1
1068,corridor,-1,1
1069,roomDoor,315,1
1070,corridor,-1,1
1071,roomDoor,313,1
1381,corridor,-1,1
1382,roomDoor,511,1
1383,roomDoor,498,1
1384,corridor,-1,1
1385,roomDoor,495,1
1386,corridor,-1,1
1387,roomDoor,515,1
1388,corridor,-1,1
1389,roomDoor,496,1
1390,corridor,-1,1
1391,roomDoor,507,1
1392,corridor,-1,1
1394,corridor,-1,1
1395,stairs,-1,1
1396,corridor,-1,1
1397,roomDoor,509,1
1398,corridor,-1,1
1399,roomDoor,506,1
1400,corridor,-1,1
1401,roomDoor,502,1
1402,roomDoor,499,1
1403,corridor,-1,1
1404,roomDoor,523,1
1405,elevator,-1,1
1407,roomDoor,494,1
1408,corridor,-1,1
51,corridor,-1,1
52,roomDoor,145,1
53,corridor,-1,1
54,roomDoor,155,1
110,corridor,-1,1
111,roomDoor,140,1
112,corridor,-1,1
113,elevator,-1,1
114,corridor,-1,1
115,corridor,-1,1
116,corridor,-1,1
117,roomDoor,133,1
118,roomDoor,125,1
343,roomDoor,17,1
344,roomDoor,23,1
345,roomDoor,17,1
347,corridor,-1,1
348,roomDoor,23,1
349,corridor,-1,1
350,roomDoor,15,1
351,corridor,-1,1
352,roomDoor,16,1
353,corridor,-1,1
354,corridor,-1,1
356,corridor,-1,1
358,corridor,-1,1
359,roomDoor,29,1
360,corridor,-1,1
552,corridor,-1,1
553,corridor,-1,1
554,corridor,-1,1
555,corridor,-1,1
556,corridor,-1,1
557,corridor,-1,1
558,corridor,-1,1
559,roomDoor,174,1
560,corridor,-1,1
561,roomDoor,174,1
562,corridor,-1,1
563,roomDoor,174,1
882,corridor,-1,1
883,roomDoor,348,1
884,corridor,-1,1
885,roomDoor,348,1
886,corridor,-1,1
887,corridor,-1,1
888,roomDoor,349,1
889,roomDoor,345,1
891,corridor,-1,1
1072,corridor,-1,1
1073,corridor,-1,1
1074,corridor,-1,1
1075,roomDoor,314,1
1076,elevator,-1,1
1077,corridor,-1,1
1410,corridor,-1,1
1411,roomDoor,521,1
1412,corridor,-1,1
1413,corridor,-1,1
1414,corridor,-1,1
1415,corridor,-1,1
1416,corridor,-1,1
1417,corridor,-1,1
1419,corridor,-1,1
1420,stairs,-1,1
1421,stairs,-1,1
1422,corridor,-1,1
1423,corridor,-1,1
1424,corridor,-1,1
1425,corridor,-1,1
1426,corridor,-1,1
1427,corridor,-1,1
1428,corridor,-1,1
1430,corridor,-1,1
1431,corridor,-1,1
57,corridor,-1,1
58,corridor,-1,1
119,corridor,-1,1
120,corridor,-1,1
121,corridor,-1,1
122,roomDoor,136,1
123,corridor,-1,1
124,corridor,-1,1
125,roomDoor,135,1
126,corridor,-1,1
127,roomDoor,131,1
128,corridor,-1,1
129,roomDoor,129,1
361,roomDoor,24,1
363,roomDoor,29,1
364,roomDoor,25,1
365,roomDoor,25,1
366,corridor,-1,1
367,roomDoor,26,1
369,stairs,-1,1
371,corridor,-1,1
380,corridor,-1,1
565,corridor,-1,1
566,roomDoor,174,1
567,stairs,-1,1
568,corridor,-1,1
570,corridor,-1,1
571,corridor,-1,1
572,corridor,-1,1
573,corridor,-1,1
574,corridor,-1,1
575,corridor,-1,1
576,roomDoor,181,1
577,roomDoor,179,1
578,corridor,-1,1
579,roomDoor,182,1
580,corridor,-1,1
892,roomDoor,345,1
893,corridor,-1,1
894,corridor,-1,1
895,corridor,-1,1
896,stairs,-1,1
899,corridor,-1,1
900,elevator,-1,1
901,corridor,-1,1
1079,corridor,-1,1
1080,roomDoor,307,1
1081,corridor,-1,1
1082,stairs,-1,1
1083,roomDoor,302,1
1084,corridor,-1,1
1085,roomDoor,301,1
1086,corridor,-1,1
1432,corridor,-1,1
1433,corridor,-1,1
1434,stairs,-1,1
1436,corridor,-1,1
1437,roomDoor,546,1
1438,corridor,-1,1
1439,corridor,-1,1
1440,roomDoor,546,1
1441,corridor,-1,1
1442,corridor,-1,1
1443,corridor,-1,1
1444,roomDoor,552,1
1445,corridor,-1,1
1446,roomDoor,543,1
1447,corridor,-1,1
1449,corridor,-1,1
1450,roomDoor,552,1
1451,corridor,-1,1
1452,roomDoor,551,1
1453,corridor,-1,1
1454,corridor,-1,1
1455,roomDoor,550,1
60,stairs,-1,1
61,roomDoor,144,1
62,corridor,-1,1
130,corridor,-1,1
132,corridor,-1,1
134,corridor,-1,1
135,corridor,-1,1
136,corridor,-1,1
137,stairs,-1,1
138,roomDoor,132,1
139,corridor,-1,1
140,corridor,-1,1
372,corridor,-1,1
375,corridor,-1,1
376,corridor,-1,1
377,roomDoor,11,1
378,corridor,-1,1
379,roomDoor,8,1
382,corridor,-1,1
385,roomDoor,9,1
386,corridor,-1,1
581,roomDoor,180,1
582,corridor,-1,1
583,roomDoor,178,1
584,corridor,-1,1
585,roomDoor,189,1
586,roomDoor,178,1
587,stairs,-1,1
588,roomDoor,185,1
589,corridor,-1,1
591,roomDoor,186,1
592,corridor,-1,1
593,roomDoor,184,1
594,corridor,-1,1
595,stairs,-1,1
596,corridor,-1,1
903,corridor,-1,1
905,roomDoor,347,1
906,roomDoor,346,1
1087,roomDoor,308,1
1456,corridor,-1,1
1458,corridor,-1,1
1460,corridor,-1,1
1462,stairs,-1,1
1463,corridor,-1,1
1465,stairs,-1,1
1466,corridor,-1,1
1467,roomDoor,548,1
1468,corridor,-1,1
1469,corridor,-1,1
1470,corridor,-1,1
1471,roomDoor,549,1
1472,corridor,-1,1
1473,roomDoor,548,1
1474,corridor,-1,1
1475,roomDoor,547,1
1476,corridor,-1,1
1478,corridor,-1,1
1479,roomDoor,545,1
1481,corridor,-1,1
1482,corridor,-1,1
1483,corridor,-1,1
1484,corridor,-1,1
1485,stairs,-1,1
1486,corridor,-1,1
1487,corridor,-1,1
1488,corridor,-1,1
1489,stairs,-1,1
1490,roomDoor,552,1
1491,corridor,-1,1
1492,roomDoor,552,1
1493,corridor,-1,1
1494,roomDoor,551,1
1496,corridor,-1,1
1497,roomDoor,551,1
64,corridor,-1,1
65,roomDoor,144,1
142,stairs,-1,1
143,roomDoor,130,1
144,corridor,-1,1
145,corridor,-1,1
146,corridor,-1,1
147,corridor,-1,1
148,roomDoor,126,1
149,corridor,-1,1
150,roomDoor,134,1
151,corridor,-1,1
152,corridor,-1,1
153,roomDoor,142,1
154,corridor,-1,1
387,roomDoor,10,1
389,elevator,-1,1
390,corridor,-1,1
391,stairs,-1,1
392,corridor,-1,1
393,roomDoor,3,1
597,corridor,-1,1
598,corridor,-1,1
599,roomDoor,183,1
600,roomDoor,178,1
601,corridor,-1,1
602,corridor,-1,1
603,corridor,-1,1
604,corridor,-1,1
605,roomDoor,176,1
607,roomDoor,177,1
608,corridor,-1,1
609,roomDoor,175,1
610,corridor,-1,1
907,corridor,-1,1
908,roomDoor,349,1
909,corridor,-1,1
910,stairs,-1,1
912,stairs,-1,1
913,corridor,-1,1
915,roomDoor,348,1
916,corridor,-1,1
918,corridor,-1,1
919,corridor,-1,1
920,stairs,-1,1
921,corridor,-1,1
922,corridor,-1,1
923,corridor,-1,1
924,corridor,-1,1
925,corridor,-1,1
926,corridor,-1,1
927,stairs,-1,1
1498,corridor,-1,1
1499,corridor,-1,1
1501,corridor,-1,1
1502,corridor,-1,1
1503,corridor,-1,1
1504,corridor,-1,1
1506,roomDoor,551,1
1507,corridor,-1,1
1509,corridor,-1,1
1510,corridor,-1,1
1511,corridor,-1,1
1512,corridor,-1,1
1513,corridor,-1,1
1514,corridor,-1,1
1515,stairs,-1,1
1516,roomDoor,526,1
1517,roomDoor,527,1
1518,corridor,-1,1
1519,corridor,-1,1
170,stairs,-1,1
1520,roomDoor,540,1
1521,corridor,-1,1
1522,roomDoor,541,1
1524,corridor,-1,1
157,corridor,-1,1
158,corridor,-1,1
159,corridor,-1,1
160,elevator,-1,1
161,corridor,-1,1
162,roomDoor,106,1
163,corridor,-1,1
164,roomDoor,108,1
165,corridor,-1,1
166,roomDoor,107,1
167,corridor,-1,1
168,corridor,-1,1
394,corridor,-1,1
395,corridor,-1,1
396,roomDoor,6,1
397,corridor,-1,1
612,corridor,-1,1
613,roomDoor,1700,1
614,corridor,-1,1
615,corridor,-1,1
616,corridor,-1,1
617,corridor,-1,1
618,corridor,-1,1
619,corridor,-1,1
620,corridor,-1,1
621,corridor,-1,1
622,corridor,-1,1
623,corridor,-1,1
624,corridor,-1,1
928,roomDoor,191,1
929,roomDoor,192,1
930,corridor,-1,1
931,corridor,-1,1
933,corridor,-1,1
934,roomDoor,201,1
935,roomDoor,193,1
936,corridor,-1,1
937,corridor,-1,1
938,elevator,-1,1
939,roomDoor,194,1
940,corridor,-1,1
941,elevator,-1,1
942,corridor,-1,1
943,stairs,-1,1
945,roomDoor,195,1
948,elevator,-1,1
1525,corridor,-1,1
1526,elevator,-1,1
1527,roomDoor,529,1
1528,corridor,-1,1
1529,elevator,-1,1
1530,corridor,-1,1
1531,stairs,-1,1
1532,roomDoor,530,1
1535,roomDoor,530,1
1536,elevator,-1,1
1537,roomDoor,530,1
1539,roomDoor,530,1
1540,roomDoor,530,1
1541,roomDoor,530,1
1542,roomDoor,530,1
1543,roomDoor,530,1
1544,stairs,-1,1
1547,elevator,-1,1
1548,corridor,-1,1
1549,corridor,-1,1
1550,roomDoor,536,1
1552,corridor,-1,1
1553,stairs,-1,1
1554,corridor,-1,1
1555,corridor,-1,1
1556,roomDoor,533,1
1557,roomDoor,533,1
1558,roomDoor,532,1
171,roomDoor,121,1
172,corridor,-1,1
173,roomDoor,115,1
174,roomDoor,122,1
175,corridor,-1,1
176,roomDoor,104,1
177,roomDoor,104,1
178,corridor,-1,1
398,roomDoor,5,1
400,roomDoor,4,1
401,corridor,-1,1
402,roomDoor,2,1
403,corridor,-1,1
625,corridor,-1,1
626,corridor,-1,1
627,corridor,-1,1
628,corridor,-1,1
629,corridor,-1,1
630,roomDoor,1701,1
631,corridor,-1,1
632,corridor,-1,1
633,corridor,-1,1
634,corridor,-1,1
949,roomDoor,195,1
951,roomDoor,195,1
952,roomDoor,195,1
953,roomDoor,195,1
954,roomDoor,195,1
955,roomDoor,195,1
956,stairs,-1,1
959,elevator,-1,1
960,corridor,-1,1
961,corridor,-1,1
963,roomDoor,199,1
964,corridor,-1,1
966,corridor,-1,1
967,roomDoor,198,1
968,corridor,-1,1
969,roomDoor,197,1
970,corridor,-1,1
972,roomDoor,195,1
973,roomDoor,227,1
974,corridor,-1,1
975,corridor,-1,1
1559,corridor,-1,1
1561,roomDoor,530,1
1564,corridor,-1,1
1565,corridor,-1,1
1566,roomDoor,542,1
1567,corridor,-1,1
1568,roomDoor,593,1
1569,corridor,-1,1
1570,corridor,-1,1
1571,corridor,-1,1
1572,corridor,-1,1
1573,roomDoor,592,1
1574,corridor,-1,1
1575,roomDoor,587,1
1576,corridor,-1,1
1577,roomDoor,588,1
1578,corridor,-1,1
1580,corridor,-1,1
1581,roomDoor,590,1
1582,corridor,-1,1
1583,roomDoor,589,1
1584,corridor,-1,1
1585,roomDoor,579,1
1586,corridor,-1,1
1587,elevator,-1,1
1588,corridor,-1,1
1589,roomDoor,582,1
1590,corridor,-1,1
1591,stairs,-1,1
1592,corridor,-1,1
68,roomDoor,155,1
406,stairs,-1,1
179,roomDoor,104,1
180,corridor,-1,1
181,corridor,-1,1
182,roomDoor,104,1
183,corridor,-1,1
184,roomDoor,109,1
404,roomDoor,76,1
405,corridor,-1,1
635,corridor,-1,1
636,corridor,-1,1
637,corridor,-1,1
638,corridor,-1,1
640,corridor,-1,1
976,corridor,-1,1
977,corridor,-1,1
978,corridor,-1,1
979,roomDoor,239,1
980,corridor,-1,1
981,roomDoor,226,1
982,corridor,-1,1
983,roomDoor,240,1
1088,corridor,-1,1
1089,roomDoor,303,1
1090,corridor,-1,1
1091,roomDoor,303,1
1093,roomDoor,309,1
1094,corridor,-1,1
1095,roomDoor,300,1
1096,roomDoor,299,1
1097,corridor,-1,1
1098,roomDoor,310,1
1099,corridor,-1,1
1100,roomDoor,298,1
1101,corridor,-1,1
1102,roomDoor,306,1
1103,corridor,-1,1
1105,roomDoor,310,1
1593,roomDoor,581,1
1594,corridor,-1,1
1595,roomDoor,583,1
1596,corridor,-1,1
1597,roomDoor,599,1
1598,corridor,-1,1
1599,roomDoor,601,1
1600,corridor,-1,1
1601,roomDoor,602,1
1602,corridor,-1,1
1603,roomDoor,585,1
1605,corridor,-1,1
1607,roomDoor,595,1
1608,corridor,-1,1
1609,roomDoor,598,1
1610,corridor,-1,1
1611,roomDoor,586,1
1612,corridor,-1,1
1613,corridor,-1,1
1614,corridor,-1,1
1615,roomDoor,594,1
1616,stairs,-1,1
1617,corridor,-1,1
1619,corridor,-1,1
1620,roomDoor,580,1
1621,corridor,-1,1
1622,roomDoor,400,1
1623,corridor,-1,1
1624,stairs,-1,1
1625,elevator,-1,1
1626,corridor,-1,1
1627,roomDoor,408,1
1628,corridor,-1,1
1629,stairs,-1,1
1630,corridor,-1,1
1631,roomDoor,407,1
1632,corridor,-1,1
70,roomDoor,147,1
71,corridor,-1,1
185,corridor,-1,1
186,stairs,-1,1
187,corridor,-1,1
407,corridor,-1,1
408,roomDoor,74,1
409,corridor,-1,1
641,corridor,-1,1
642,corridor,-1,1
643,corridor,-1,1
644,corridor,-1,1
645,corridor,-1,1
646,corridor,-1,1
648,corridor,-1,1
649,corridor,-1,1
650,corridor,-1,1
651,corridor,-1,1
1106,roomDoor,298,1
1107,roomDoor,299,1
1108,roomDoor,301,1
1109,roomDoor,302,1
1110,roomDoor,304,1
1111,roomDoor,305,1
1114,roomDoor,305,1
1115,corridor,-1,1
1116,corridor,-1,1
1117,roomDoor,333,1
1118,corridor,-1,1
1119,roomDoor,323,1
1120,corridor,-1,1
1121,roomDoor,332,1
1122,corridor,-1,1
1123,roomDoor,333,1
1124,roomDoor,319,1
1125,corridor,-1,1
1127,corridor,-1,1
1128,corridor,-1,1
1129,corridor,-1,1
1130,roomDoor,332,1
1131,corridor,-1,1
1132,roomDoor,320,1
1133,corridor,-1,1
1633,corridor,-1,1
1634,roomDoor,406,1
1635,corridor,-1,1
1636,roomDoor,409,1
1637,corridor,-1,1
1638,roomDoor,401,1
1639,corridor,-1,1
1641,corridor,-1,1
1642,roomDoor,405,1
1643,corridor,-1,1
1644,roomDoor,404,1
1645,roomDoor,409,1
1646,roomDoor,409,1
1647,roomDoor,406,1
1648,roomDoor,401,1
1649,corridor,-1,1
1650,corridor,-1,1
1651,corridor,-1,1
1652,roomDoor,456,1
1654,roomDoor,450,1
1655,corridor,-1,1
1656,roomDoor,451,1
1657,corridor,-1,1
1658,roomDoor,453,1
1659,corridor,-1,1
1660,elevator,-1,1
1661,corridor,-1,1
1663,corridor,-1,1
1664,corridor,-1,1
1665,stairs,-1,1
1666,roomDoor,442,1
189,roomDoor,104,1
190,roomDoor,123,1
191,roomDoor,104,1
410,roomDoor,69,1
411,corridor,-1,1
412,roomDoor,70,1
413,corridor,-1,1
415,roomDoor,69,1
416,corridor,-1,1
417,roomDoor,71,1
418,corridor,-1,1
419,roomDoor,66,1
420,corridor,-1,1
652,corridor,-1,1
653,roomDoor,-1,1
654,corridor,-1,1
655,corridor,-1,1
656,corridor,-1,1
657,corridor,-1,1
658,roomDoor,-1,1
659,corridor,-1,1
660,corridor,-1,1
661,roomDoor,-1,1
662,corridor,-1,1
663,corridor,-1,1
665,corridor,-1,1
666,corridor,-1,1
1134,roomDoor,321,1
1135,corridor,-1,1
1136,roomDoor,317,1
1137,corridor,-1,1
1138,corridor,-1,1
1139,corridor,-1,1
1140,roomDoor,331,1
1141,corridor,-1,1
1142,roomDoor,322,1
1143,roomDoor,318,1
1144,corridor,-1,1
1146,corridor,-1,1
1147,roomDoor,325,1
1148,corridor,-1,1
1149,roomDoor,326,1
1150,corridor,-1,1
1151,roomDoor,328,1
1152,corridor,-1,1
1153,roomDoor,329,1
1154,corridor,-1,1
1667,corridor,-1,1
1668,roomDoor,443,1
1669,roomDoor,440,1
1671,corridor,-1,1
1672,roomDoor,440,1
1673,roomDoor,439,1
1674,corridor,-1,1
1675,roomDoor,447,1
1676,corridor,-1,1
1677,roomDoor,438,1
1678,corridor,-1,1
1679,roomDoor,444,1
1680,corridor,-1,1
1681,roomDoor,438,1
1683,roomDoor,441,1
1684,roomDoor,442,1
1685,roomDoor,454,1
1686,roomDoor,455,1
1688,roomDoor,455,1
1689,roomDoor,455,1
1980,roomDoor,735,1
1981,corridor,-1,1
1982,roomDoor,733,1
1983,corridor,-1,1
1985,roomDoor,727,1
1986,corridor,-1,1
1987,roomDoor,726,1
213,corridor,-1,1
214,roomDoor,114,1
215,roomDoor,104,1
216,roomDoor,114,1
667,stairs,-1,1
668,corridor,-1,1
669,corridor,-1,1
670,roomDoor,205,1
671,roomDoor,-1,1
672,roomDoor,-1,1
673,corridor,-1,1
674,corridor,-1,1
675,stairs,-1,1
676,corridor,-1,1
702,corridor,-1,1
703,roomDoor,204,1
704,roomDoor,203,1
705,corridor,-1,1
706,roomDoor,204,1
707,corridor,-1,1
708,roomDoor,206,1
709,corridor,-1,1
710,elevator,-1,1
711,corridor,-1,1
712,roomDoor,205,1
713,corridor,-1,1
714,corridor,-1,1
715,stairs,-1,1
717,corridor,-1,1
718,corridor,-1,1
719,roomDoor,202,1
720,roomDoor,386,1
721,corridor,-1,1
722,roomDoor,354,1
723,corridor,-1,1
724,roomDoor,353,1
725,corridor,-1,1
1738,roomDoor,475,1
1740,roomDoor,476,1
1741,corridor,-1,1
1742,roomDoor,474,1
1743,roomDoor,477,1
1744,corridor,-1,1
1745,roomDoor,473,1
1746,corridor,-1,1
1747,elevator,-1,1
1748,corridor,-1,1
1749,roomDoor,472,1
1750,corridor,-1,1
1751,roomDoor,478,1
1753,roomDoor,486,1
1754,corridor,-1,1
1755,elevator,-1,1
1756,roomDoor,487,1
1757,corridor,-1,1
1758,stairs,-1,1
1759,roomDoor,488,1
1760,corridor,-1,1
1761,roomDoor,479,1
1762,roomDoor,481,1
1763,corridor,-1,1
1988,corridor,-1,1
1990,corridor,-1,1
1991,roomDoor,750,1
1992,roomDoor,736,1
1993,corridor,-1,1
1994,roomDoor,730,1
1995,roomDoor,724,1
1996,corridor,-1,1
1997,roomDoor,725,1
1998,corridor,-1,1
1999,roomDoor,723,1
2000,corridor,-1,1
2002,corridor,-1,1
218,buildingExit,1706,1
219,corridor,-1,1
220,corridor,-1,1
221,corridor,-1,1
222,stairs,-1,1
223,corridor,-1,1
224,elevator,-1,1
225,corridor,-1,1
226,roomDoor,104,1
227,corridor,-1,1
228,corridor,-1,1
229,corridor,-1,1
230,buildingExit,1706,1
726,roomDoor,381,1
727,corridor,-1,1
729,corridor,-1,1
730,roomDoor,383,1
731,corridor,-1,1
732,roomDoor,352,1
733,corridor,-1,1
734,roomDoor,387,1
735,corridor,-1,1
736,stairs,-1,1
737,corridor,-1,1
738,roomDoor,396,1
739,corridor,-1,1
740,roomDoor,392,1
742,roomDoor,397,1
743,corridor,-1,1
745,corridor,-1,1
746,roomDoor,388,1
747,corridor,-1,1
748,roomDoor,384,1
749,corridor,-1,1
750,roomDoor,355,1
1764,roomDoor,489,1
1765,corridor,-1,1
1767,corridor,-1,1
1768,roomDoor,482,1
1769,corridor,-1,1
1770,roomDoor,490,1
1771,corridor,-1,1
1772,roomDoor,483,1
1773,corridor,-1,1
1774,roomDoor,484,1
1775,corridor,-1,1
1776,roomDoor,491,1
1777,corridor,-1,1
1778,roomDoor,485,1
1779,corridor,-1,1
1781,corridor,-1,1
1782,roomDoor,493,1
1783,corridor,-1,1
1784,roomDoor,419,1
1785,roomDoor,420,1
1786,stairs,-1,1
1787,corridor,-1,1
1788,corridor,-1,1
1789,roomDoor,412,1
1790,roomDoor,413,1
1791,corridor,-1,1
1793,corridor,-1,1
1794,roomDoor,421,1
1795,corridor,-1,1
1796,roomDoor,422,1
1797,corridor,-1,1
1798,stairs,-1,1
1799,corridor,-1,1
1800,corridor,-1,1
1801,corridor,-1,1
1802,roomDoor,414,1
1803,corridor,-1,1
1804,roomDoor,416,1
1805,corridor,-1,1
232,corridor,-1,1
233,corridor,-1,1
234,corridor,-1,1
235,corridor,-1,1
236,corridor,-1,1
237,corridor,-1,1
238,corridor,-1,1
239,corridor,-1,1
240,corridor,-1,1
241,corridor,-1,1
242,corridor,-1,1
243,corridor,-1,1
244,corridor,-1,1
245,stairs,-1,1
246,corridor,-1,1
247,corridor,-1,1
248,corridor,-1,1
751,corridor,-1,1
754,roomDoor,366,1
755,corridor,-1,1
757,corridor,-1,1
759,corridor,-1,1
761,corridor,-1,1
763,corridor,-1,1
765,corridor,-1,1
767,corridor,-1,1
768,roomDoor,375,1
769,corridor,-1,1
770,roomDoor,379,1
771,corridor,-1,1
772,stairs,-1,1
773,corridor,-1,1
774,elevator,-1,1
775,corridor,-1,1
776,roomDoor,377,1
777,corridor,-1,1
1806,roomDoor,418,1
1807,corridor,-1,1
1809,corridor,-1,1
1810,elevator,-1,1
1811,corridor,-1,1
1812,roomDoor,426,1
1813,roomDoor,419,1
1814,corridor,-1,1
1815,roomDoor,415,1
1816,roomDoor,420,1
1818,corridor,-1,1
1820,roomDoor,420,1
1821,roomDoor,420,1
1823,corridor,-1,1
1824,roomDoor,424,1
1825,corridor,-1,1
1826,roomDoor,425,1
1827,roomDoor,424,1
1828,roomDoor,428,1
1829,roomDoor,425,1
1830,roomDoor,431,1
1831,roomDoor,411,1
1832,roomDoor,427,1
1834,stairs,-1,1
1835,corridor,-1,1
1836,roomDoor,432,1
1838,corridor,-1,1
1839,roomDoor,411,1
1841,roomDoor,411,1
1842,roomDoor,411,1
1843,roomDoor,411,1
1844,corridor,-1,1
1845,roomDoor,425,1
250,roomDoor,105,1
251,corridor,-1,1
252,roomDoor,93,1
253,roomDoor,92,1
254,corridor,-1,1
256,roomDoor,92,1
257,corridor,-1,1
258,roomDoor,92,1
259,corridor,-1,1
261,corridor,-1,1
263,roomDoor,99,1
264,corridor,-1,1
271,corridor,-1,1
272,roomDoor,85,1
273,corridor,-1,1
274,roomDoor,86,1
275,corridor,-1,1
276,roomDoor,81,1
277,roomDoor,82,1
278,roomDoor,83,1
279,corridor,-1,1
281,roomDoor,98,1
282,corridor,-1,1
778,roomDoor,371,1
779,corridor,-1,1
780,roomDoor,370,1
781,corridor,-1,1
783,corridor,-1,1
784,roomDoor,372,1
785,corridor,-1,1
787,corridor,-1,1
789,corridor,-1,1
791,corridor,-1,1
797,corridor,-1,1
798,roomDoor,398,1
799,corridor,-1,1
800,roomDoor,363,1
801,corridor,-1,1
802,roomDoor,360,1
803,corridor,-1,1
804,elevator,-1,1
805,corridor,-1,1
807,corridor,-1,1
808,stairs,-1,1
809,corridor,-1,1
810,roomDoor,361,1
811,corridor,-1,1
812,roomDoor,365,1
813,corridor,-1,1
814,roomDoor,395,1
1847,roomDoor,425,1
1848,roomDoor,410,1
1849,corridor,-1,1
1851,corridor,-1,1
1852,corridor,-1,1
1853,stairs,-1,1
1854,corridor,-1,1
1855,roomDoor,775,1
1856,corridor,-1,1
1857,roomDoor,777,1
1858,corridor,-1,1
1859,roomDoor,763,1
1860,corridor,-1,1
1861,elevator,-1,1
1862,roomDoor,776,1
1863,corridor,-1,1
1865,corridor,-1,1
1866,roomDoor,771,1
1867,corridor,-1,1
267,roomDoor,78,1
268,roomDoor,80,1
269,corridor,-1,1
270,roomDoor,79,1
283,roomDoor,94,1
793,corridor,-1,1
795,corridor,-1,1
815,corridor,-1,1
1869,corridor,-1,1
1870,roomDoor,774,1
1871,corridor,-1,1
1872,roomDoor,762,1
1873,corridor,-1,1
1874,roomDoor,772,1
1875,corridor,-1,1
1876,roomDoor,761,1
1877,corridor,-1,1
1878,roomDoor,779,1
1879,corridor,-1,1
1880,roomDoor,767,1
2013,corridor,-1,1
2014,roomDoor,720,1
2015,corridor,-1,1
2016,roomDoor,732,1
2017,corridor,-1,1
2018,roomDoor,746,1
2019,corridor,-1,1
2020,roomDoor,745,1
2021,corridor,-1,1
2022,roomDoor,749,1
2023,corridor,-1,1
2024,corridor,-1,1
2025,corridor,-1,1
2026,corridor,-1,1
2027,corridor,-1,1
2028,corridor,-1,1
2030,corridor,-1,1
2031,corridor,-1,1
2032,corridor,-1,1
2033,corridor,-1,1
2034,stairs,-1,1
2035,corridor,-1,1
2036,corridor,-1,1
2037,roomDoor,620,1
2038,corridor,-1,1
2039,corridor,-1,1
2040,roomDoor,620,1
2041,corridor,-1,1
2042,corridor,-1,1
2043,corridor,-1,1
2045,corridor,-1,1
2046,roomDoor,617,1
2047,corridor,-1,1
2048,roomDoor,618,1
2049,corridor,-1,1
2050,roomDoor,626,1
2051,corridor,-1,1
2052,roomDoor,625,1
2053,corridor,-1,1
2054,corridor,-1,1
2055,roomDoor,624,1
2056,corridor,-1,1
2057,elevator,-1,1
2058,corridor,-1,1
2059,elevator,-1,1
2060,corridor,-1,1
2063,corridor,-1,1
2065,stairs,-1,1
2066,corridor,-1,1
2067,roomDoor,622,1
2068,corridor,-1,1
2069,corridor,-1,1
2070,corridor,-1,1
2072,corridor,-1,1
2073,roomDoor,622,1
2074,corridor,-1,1
2076,corridor,-1,1
2077,elevator,-1,1
2078,corridor,-1,1
2079,roomDoor,619,1
2080,roomDoor,619,1
2081,corridor,-1,1
2082,corridor,-1,1
2083,corridor,-1,1
2084,corridor,-1,1
2085,stairs,-1,1
2086,corridor,-1,1
2087,corridor,-1,1
2088,corridor,-1,1
2089,stairs,-1,1
2090,roomDoor,626,1
2092,roomDoor,626,1
2093,corridor,-1,1
2094,roomDoor,625,1
2095,roomDoor,625,1
2096,corridor,-1,1
2097,roomDoor,625,1
2098,corridor,-1,1
2099,corridor,-1,1
2101,corridor,-1,1
2102,corridor,-1,1
2103,corridor,-1,1
2104,corridor,-1,1
2106,roomDoor,625,1
2107,corridor,-1,1
2109,corridor,-1,1
2110,corridor,-1,1
2111,corridor,-1,1
2112,corridor,-1,1
2113,corridor,-1,1
2114,corridor,-1,1
2115,stairs,-1,1
2116,roomDoor,603,1
2117,roomDoor,604,1
2118,corridor,-1,1
2119,corridor,-1,1
2120,roomDoor,614,1
2121,corridor,-1,1
2122,roomDoor,615,1
2124,corridor,-1,1
2125,corridor,-1,1
2126,elevator,-1,1
2127,roomDoor,606,1
2128,corridor,-1,1
2129,elevator,-1,1
2130,corridor,-1,1
2131,stairs,-1,1
2135,roomDoor,607,1
2136,elevator,-1,1
2137,roomDoor,607,1
2138,roomDoor,607,1
2144,stairs,-1,1
2148,corridor,-1,1
2149,corridor,-1,1
2150,roomDoor,613,1
2151,roomDoor,612,1
2152,corridor,-1,1
2153,stairs,-1,1
2154,corridor,-1,1
2155,corridor,-1,1
2156,roomDoor,610,1
2157,roomDoor,610,1
2158,roomDoor,609,1
2161,roomDoor,607,1
2162,roomDoor,611,1
2164,roomDoor,616,1
2165,corridor,-1,1
2166,corridor,-1,1
2168,corridor,-1,1
2169,corridor,-1,1
2170,roomDoor,788,1
2171,corridor,-1,1
2172,roomDoor,787,1
2173,corridor,-1,1
2174,roomDoor,781,1
2175,corridor,-1,1
2176,elevator,-1,1
2177,corridor,-1,1
2178,roomDoor,784,1
2179,corridor,-1,1
2180,stairs,-1,1
2182,roomDoor,783,1
2183,corridor,-1,1
2184,roomDoor,798,1
2185,corridor,-1,1
2186,roomDoor,797,1
2187,corridor,-1,1
2188,roomDoor,800,1
2189,corridor,-1,1
2190,roomDoor,799,1
2191,corridor,-1,1
2193,corridor,-1,1
2194,roomDoor,796,1
2195,corridor,-1,1
2196,roomDoor,795,1
2197,corridor,-1,1
2198,corridor,-1,1
2199,corridor,-1,1
2200,roomDoor,792,1
2201,stairs,-1,1
2202,roomDoor,782,1
2203,corridor,-1,1
2204,roomDoor,791,1
2206,corridor,-1,1
2207,roomDoor,789,1
2208,corridor,-1,1
2209,roomDoor,790,1
2210,corridor,-1,1
2211,roomDoor,786,1
2212,corridor,-1,1
2213,corridor,-1,1
2214,corridor,-1,1
2215,roomDoor,705,1
2216,corridor,-1,1
2217,roomDoor,704,1
2218,corridor,-1,1
2219,roomDoor,687,1
2221,roomDoor,706,1
2222,corridor,-1,1
2223,roomDoor,703,1
2224,corridor,-1,1
2225,roomDoor,689,1
2226,corridor,-1,1
2227,roomDoor,688,1
2228,corridor,-1,1
2229,elevator,-1,1
2230,corridor,-1,1
2231,roomDoor,696,1
2232,corridor,-1,1
2234,roomDoor,697,1
2235,roomDoor,690,1
2236,corridor,-1,1
2237,roomDoor,697,1
2238,corridor,-1,1
2239,roomDoor,691,1
2240,corridor,-1,1
2241,roomDoor,701,1
2243,corridor,-1,1
2244,roomDoor,700,1
2246,roomDoor,700,1
2248,corridor,-1,1
2249,roomDoor,693,1
2251,roomDoor,694,1
2252,corridor,-1,1
2253,roomDoor,702,1
2254,corridor,-1,1
2255,corridor,-1,1
2256,corridor,-1,1
2257,corridor,-1,1
2258,roomDoor,671,1
2259,corridor,-1,1
2260,corridor,-1,1
2261,roomDoor,670,1
2262,corridor,-1,1
2263,corridor,-1,1
2265,roomDoor,669,1
2266,corridor,-1,1
2267,roomDoor,674,1
2268,corridor,-1,1
2269,roomDoor,673,1
2270,corridor,-1,1
2271,stairs,-1,1
2272,corridor,-1,1
2273,roomDoor,672,1
2274,roomDoor,684,1
2275,corridor,-1,1
2277,corridor,-1,1
2278,roomDoor,685,1
2279,corridor,-1,1
2280,roomDoor,675,1
2281,corridor,-1,1
2282,roomDoor,676,1
2283,corridor,-1,1
2284,roomDoor,682,1
2285,corridor,-1,1
2286,roomDoor,677,1
2287,corridor,-1,1
2288,roomDoor,680,1
2289,corridor,-1,1
2291,corridor,-1,1
2292,roomDoor,681,1
2293,corridor,-1,1
2294,roomDoor,679,1
2295,corridor,-1,1
2296,roomDoor,683,1
2297,roomDoor,681,1
2298,roomDoor,683,1
2299,corridor,-1,1
2300,corridor,-1,1
2301,roomDoor,642,1
2302,corridor,-1,1
2304,corridor,-1,1
2305,roomDoor,629,1
2306,corridor,-1,1
2307,corridor,-1,1
2308,elevator,-1,1
2309,roomDoor,633,1
2310,corridor,-1,1
2311,roomDoor,632,1
2312,corridor,-1,1
2313,roomDoor,631,1
2314,roomDoor,630,1
2315,corridor,-1,1
2316,stairs,-1,1
2318,roomDoor,629,1
2319,corridor,-1,1
2320,roomDoor,641,1
2321,corridor,-1,1
2322,roomDoor,640,1
2323,corridor,-1,1
2324,roomDoor,645,1
2325,corridor,-1,1
2327,roomDoor,628,1
2329,roomDoor,634,1
2333,roomDoor,647,1
2334,roomDoor,644,1
2337,roomDoor,646,1
2338,corridor,-1,1
2339,roomDoor,639,1
2340,corridor,-1,1
2341,roomDoor,635,1
2342,corridor,-1,1
2343,roomDoor,638,1
2344,corridor,-1,1
2345,stairs,-1,1
2346,corridor,-1,1
2347,corridor,-1,1
2348,roomDoor,649,1
2350,corridor,-1,1
2351,roomDoor,658,1
2352,corridor,-1,1
2353,stairs,-1,1
2354,corridor,-1,1
2355,roomDoor,653,1
2356,corridor,-1,1
2357,roomDoor,654,1
2358,corridor,-1,1
2359,elevator,-1,1
2360,corridor,-1,1
2361,roomDoor,661,1
2363,corridor,-1,1
2364,roomDoor,667,1
2365,corridor,-1,1
2366,roomDoor,659,1
2367,corridor,-1,1
2368,roomDoor,662,1
2369,corridor,-1,1
2370,stairs,-1,1
2371,corridor,-1,1
2372,roomDoor,648,1
2373,corridor,-1,1
2374,roomDoor,637,1
2375,corridor,-1,1
2377,roomDoor,636,1
2378,corridor,-1,1
2379,roomDoor,655,1
2380,corridor,-1,1
2381,roomDoor,657,1
2382,corridor,-1,1
2383,roomDoor,668,1
2384,roomDoor,652,1
2385,corridor,-1,1
2386,roomDoor,660,1
2387,corridor,-1,1
2389,corridor,-1,1
2390,roomDoor,663,1
2391,corridor,-1,1
2392,roomDoor,664,1
2393,corridor,-1,1
2394,roomDoor,665,1
2395,corridor,-1,1
2396,stairs,-1,1
2397,corridor,-1,1
2398,roomDoor,942,1
2399,corridor,-1,1
2400,roomDoor,937,1
2401,corridor,-1,1
2402,elevator,-1,1
2404,corridor,-1,1
2405,roomDoor,935,1
2406,corridor,-1,1
2407,roomDoor,937,1
2408,corridor,-1,1
2409,roomDoor,934,1
2410,corridor,-1,1
2411,roomDoor,940,1
2412,corridor,-1,1
2413,roomDoor,929,1
2414,corridor,-1,1
2415,roomDoor,938,1
2418,corridor,-1,1
2419,roomDoor,944,1
2420,corridor,-1,1
2422,roomDoor,931,1
2423,corridor,-1,1
2424,roomDoor,943,1
2425,roomDoor,924,1
2426,corridor,-1,1
2427,roomDoor,923,1
2428,corridor,-1,1
2429,roomDoor,926,1
2430,corridor,-1,1
2431,roomDoor,927,1
2432,corridor,-1,1
2434,corridor,-1,1
2435,roomDoor,921,1
2436,roomDoor,932,1
2437,corridor,-1,1
2438,roomDoor,930,1
2439,corridor,-1,1
2440,roomDoor,925,1
2441,corridor,-1,1
2442,roomDoor,945,1
2443,corridor,-1,1
2444,roomDoor,936,1
2445,corridor,-1,1
2447,corridor,-1,1
2448,stairs,-1,1
2449,corridor,-1,1
2450,roomDoor,883,1
2451,corridor,-1,1
2452,roomDoor,880,1
2453,corridor,-1,1
2454,roomDoor,881,1
2455,corridor,-1,1
2456,stairs,-1,1
2457,corridor,-1,1
2458,corridor,-1,1
2459,corridor,-1,1
2460,corridor,-1,1
2461,corridor,-1,1
2462,corridor,-1,1
2464,corridor,-1,1
2465,stairs,-1,1
2466,corridor,-1,1
2467,stairs,-1,1
2468,elevator,-1,1
2469,corridor,-1,1
2470,roomDoor,885,1
2471,corridor,-1,1
2472,corridor,-1,1
2473,corridor,-1,1
2474,corridor,-1,1
2475,corridor,-1,1
2477,corridor,-1,1
2478,stairs,-1,1
2479,corridor,-1,1
2480,corridor,-1,1
2482,stairs,-1,1
2483,corridor,-1,1
2484,stairs,-1,1
2485,corridor,-1,1
2486,roomDoor,919,1
2487,corridor,-1,1
2488,roomDoor,915,1
2489,corridor,-1,1
2490,roomDoor,911,1
2491,corridor,-1,1
2492,roomDoor,914,1
2493,corridor,-1,1
2495,corridor,-1,1
2496,roomDoor,909,1
2497,roomDoor,908,1
2498,corridor,-1,1
2499,roomDoor,894,1
2501,roomDoor,886,1
2502,corridor,-1,1
2503,roomDoor,890,1
2504,corridor,-1,1
2505,roomDoor,887,1
2506,corridor,-1,1
2507,roomDoor,902,1
2508,corridor,-1,1
2509,corridor,-1,1
2510,roomDoor,906,1
2512,corridor,-1,1
2513,elevator,-1,1
2514,roomDoor,899,1
2515,corridor,-1,1
2516,roomDoor,898,1
2517,corridor,-1,1
2518,roomDoor,900,1
2519,corridor,-1,1
2520,roomDoor,917,1
2521,roomDoor,907,1
2522,corridor,-1,1
2523,roomDoor,901,1
2525,corridor,-1,1
2526,roomDoor,897,1
2527,corridor,-1,1
2528,roomDoor,895,1
2529,corridor,-1,1
2530,roomDoor,905,1
2531,corridor,-1,1
2532,roomDoor,920,1
2533,corridor,-1,1
2534,roomDoor,891,1
2535,corridor,-1,1
2536,roomDoor,888,1
2537,corridor,-1,1
2539,corridor,-1,1
2540,roomDoor,893,1
2541,roomDoor,918,1
2542,corridor,-1,1
2543,roomDoor,892,1
2544,corridor,-1,1
2545,roomDoor,903,1
2546,corridor,-1,1
2547,roomDoor,913,1
2548,corridor,-1,1
2549,roomDoor,912,1
2551,roomDoor,910,1
2552,corridor,-1,1
2553,corridor,-1,1
2554,corridor,-1,1
2555,corridor,-1,1
2556,corridor,-1,1
2557,corridor,-1,1
2558,corridor,-1,1
2559,stairs,-1,1
2560,corridor,-1,1
2561,corridor,-1,1
2562,corridor,-1,1
2563,corridor,-1,1
2564,stairs,-1,1
2565,corridor,-1,1
2566,corridor,-1,1
2567,roomDoor,819,1
2569,corridor,-1,1
2570,roomDoor,819,1
2571,corridor,-1,1
2572,corridor,-1,1
2573,corridor,-1,1
2574,corridor,-1,1
2575,roomDoor,816,1
2576,corridor,-1,1
2577,roomDoor,817,1
2578,corridor,-1,1
2579,corridor,-1,1
2580,corridor,-1,1
2582,corridor,-1,1
2583,corridor,-1,1
2584,roomDoor,823,1
2585,corridor,-1,1
2587,corridor,-1,1
2588,elevator,-1,1
2589,corridor,-1,1
2591,stairs,-1,1
2592,corridor,-1,1
2593,roomDoor,823,1
2594,stairs,-1,1
2595,corridor,-1,1
2596,roomDoor,821,1
2597,corridor,-1,1
2598,corridor,-1,1
2599,corridor,-1,1
2600,roomDoor,822,1
2601,corridor,-1,1
2602,roomDoor,821,1
2603,corridor,-1,1
2604,roomDoor,820,1
2605,corridor,-1,1
2607,corridor,-1,1
2608,roomDoor,818,1
2609,roomDoor,818,1
2610,corridor,-1,1
2611,corridor,-1,1
2612,corridor,-1,1
2613,corridor,-1,1
2614,stairs,-1,1
2615,corridor,-1,1
2616,corridor,-1,1
2617,corridor,-1,1
2618,stairs,-1,1
2619,corridor,-1,1
2620,corridor,-1,1
2621,corridor,-1,1
2622,corridor,-1,1
2624,corridor,-1,1
2625,corridor,-1,1
2626,corridor,-1,1
2627,corridor,-1,1
2628,corridor,-1,1
2629,corridor,-1,1
2630,corridor,-1,1
2631,corridor,-1,1
2632,corridor,-1,1
2633,corridor,-1,1
2634,corridor,-1,1
2635,corridor,-1,1
2636,corridor,-1,1
2637,roomDoor,823,1
2638,corridor,-1,1
2639,stairs,-1,1
2641,roomDoor,801,1
2643,corridor,-1,1
2644,corridor,-1,1
2645,corridor,-1,1
2646,corridor,-1,1
2647,stairs,-1,1
2648,roomDoor,802,1
2649,roomDoor,803,1
2650,corridor,-1,1
2651,corridor,-1,1
2652,roomDoor,812,1
3478,stairs,-1,1
3479,roomDoor,1220,1
3480,corridor,-1,1
3482,corridor,-1,1
3483,roomDoor,1216,1
3484,corridor,-1,1
3485,roomDoor,1221,1
3486,corridor,-1,1
3487,roomDoor,1214,1
3488,corridor,-1,1
3489,roomDoor,1213,1
3491,roomDoor,1211,1
3492,corridor,-1,1
3493,corridor,-1,1
3494,stairs,-1,1
3495,corridor,-1,1
3496,roomDoor,1247,1
3497,corridor,-1,1
3498,elevator,-1,1
3499,roomDoor,1244,1
3500,corridor,-1,1
3501,roomDoor,1235,1
3502,corridor,-1,1
3504,corridor,-1,1
3505,roomDoor,1234,1
3506,corridor,-1,1
3507,roomDoor,1249,1
3508,corridor,-1,1
3509,roomDoor,1239,1
3510,roomDoor,1237,1
3511,corridor,-1,1
3512,roomDoor,1248,1
3513,roomDoor,1230,1
3514,corridor,-1,1
3516,corridor,-1,1
3517,roomDoor,1232,1
3518,corridor,-1,1
3519,roomDoor,1233,1
3678,roomDoor,1352,1
3679,corridor,-1,1
3680,roomDoor,1349,1
3681,roomDoor,1333,1
3682,corridor,-1,1
3683,roomDoor,1330,1
3684,corridor,-1,1
3685,roomDoor,1331,1
3687,corridor,-1,1
3688,roomDoor,1332,1
3689,stairs,-1,1
3690,corridor,-1,1
3691,roomDoor,1312,1
3692,corridor,-1,1
3693,elevator,-1,1
3694,roomDoor,1327,1
3695,corridor,-1,1
3696,roomDoor,1318,1
3697,corridor,-1,1
3698,roomDoor,1320,1
3700,stairs,-1,1
3701,roomDoor,1324,1
3702,roomDoor,1310,1
3703,corridor,-1,1
3704,roomDoor,1321,1
3705,corridor,-1,1
3706,roomDoor,1309,1
3707,corridor,-1,1
3708,roomDoor,1316,1
3709,corridor,-1,1
3711,corridor,-1,1
3712,roomDoor,1326,1
3713,corridor,-1,1
3714,roomDoor,1323,1
3715,roomDoor,1317,1
3716,corridor,-1,1
3717,roomDoor,1322,1
3718,corridor,-1,1
3719,roomDoor,1291,1
3720,corridor,-1,1
3721,roomDoor,1301,1
3722,corridor,-1,1
3724,corridor,-1,1
3725,roomDoor,1293,1
3726,corridor,-1,1
3727,roomDoor,1297,1
3728,roomDoor,1314,1
3731,corridor,-1,1
3732,stairs,-1,1
3733,roomDoor,1306,1
3734,corridor,-1,1
3735,roomDoor,1305,1
3736,roomDoor,1325,1
3737,corridor,-1,1
3738,roomDoor,1307,1
3739,corridor,-1,1
3740,roomDoor,1315,1
3741,corridor,-1,1
3743,roomDoor,1303,1
3744,corridor,-1,1
3745,roomDoor,1304,1
3746,corridor,-1,1
3747,roomDoor,1313,1
3748,corridor,-1,1
3749,roomDoor,1302,1
3750,corridor,-1,1
3751,roomDoor,1328,1
3752,corridor,-1,1
3753,roomDoor,1298,1
3754,corridor,-1,1
3756,corridor,-1,1
3757,roomDoor,1292,1
3758,corridor,-1,1
3759,elevator,-1,1
3760,roomDoor,1311,1
3761,corridor,-1,1
3762,stairs,-1,1
3763,roomDoor,1296,1
3764,corridor,-1,1
3765,roomDoor,1300,1
3766,roomDoor,1310,1
3767,corridor,-1,1
3769,roomDoor,1404,1
3770,corridor,-1,1
3771,roomDoor,1401,1
3772,corridor,-1,1
3773,roomDoor,1402,1
3774,corridor,-1,1
3775,corridor,-1,1
3776,roomDoor,1403,1
3777,stairs,-1,1
3778,corridor,-1,1
3779,roomDoor,1383,1
3780,corridor,-1,1
3781,elevator,-1,1
3783,corridor,-1,1
3784,roomDoor,1389,1
3785,corridor,-1,1
3786,roomDoor,1391,1
3787,corridor,-1,1
3788,corridor,-1,1
3789,stairs,-1,1
3790,roomDoor,1395,1
3791,roomDoor,1381,1
3792,corridor,-1,1
3793,roomDoor,1392,1
3794,corridor,-1,1
3796,corridor,-1,1
3797,roomDoor,1387,1
3798,corridor,-1,1
3799,roomDoor,1390,1
3800,corridor,-1,1
3801,roomDoor,1397,1
3802,corridor,-1,1
3803,roomDoor,1394,1
3804,roomDoor,1388,1
3805,corridor,-1,1
3806,roomDoor,1393,1
3807,corridor,-1,1
3809,corridor,-1,1
3810,roomDoor,1372,1
3812,roomDoor,1365,1
3813,corridor,-1,1
3814,roomDoor,1364,1
3815,corridor,-1,1
3817,roomDoor,1385,1
3818,corridor,-1,1
3819,roomDoor,1400,1
3820,corridor,-1,1
3821,stairs,-1,1
3822,roomDoor,1377,1
3823,corridor,-1,1
3824,roomDoor,1376,1
3825,roomDoor,1396,1
3826,corridor,-1,1
3827,roomDoor,1378,1
3828,corridor,-1,1
3830,corridor,-1,1
3831,roomDoor,1379,1
3832,roomDoor,1374,1
3833,corridor,-1,1
3834,roomDoor,1375,1
3835,corridor,-1,1
3836,roomDoor,1384,1
3837,corridor,-1,1
3838,roomDoor,1373,1
3839,corridor,-1,1
3840,roomDoor,1399,1
3841,corridor,-1,1
3843,corridor,-1,1
3844,roomDoor,1366,1
3845,corridor,-1,1
3846,roomDoor,1363,1
3847,corridor,-1,1
3848,elevator,-1,1
3849,roomDoor,1382,1
3850,corridor,-1,1
3851,stairs,-1,1
3852,roomDoor,1367,1
3853,corridor,-1,1
3854,roomDoor,1371,1
3856,corridor,-1,1
3857,roomDoor,1370,1
3858,roomDoor,1361,1
3872,roomDoor,1038,1
3873,roomDoor,1037,1
3874,stairs,-1,1
3875,stairs,-1,1
3876,stairs,-1,1
3877,corridor,-1,1
3878,corridor,-1,1
3879,stairs,-1,1
3880,corridor,-1,1
3881,corridor,-1,1
3882,stairs,-1,1
3884,corridor,-1,1
3885,stairs,-1,1
3886,corridor,-1,1
3887,corridor,-1,1
3888,stairs,-1,1
3889,corridor,-1,1
3890,corridor,-1,1
3891,corridor,-1,1
3892,corridor,-1,1
3893,roomDoor,1439,1
3894,roomDoor,1439,1
3895,roomDoor,1439,1
3896,corridor,1437,1
3897,corridor,1438,1
3915,corridor,-1,1
3917,corridor,-1,1
3918,corridor,-1,1
3919,corridor,-1,1
3920,corridor,-1,1
3921,corridor,-1,1
3922,roomDoor,1441,1
4480,roomDoor,1513,1
4481,corridor,-1,1
4482,roomDoor,1530,1
4483,roomDoor,-1,1
4484,roomDoor,1627,1
4485,corridor,1554,1
4486,corridor,-1,1
4487,roomDoor,1545,1
4488,elevator,-1,1
4489,corridor,-1,1
4491,corridor,-1,1
4492,stairs,-1,1
4493,stairs,-1,1
4494,corridor,-1,1
4495,corridor,-1,1
4496,stairs,-1,1
4497,corridor,-1,1
4498,roomDoor,1707,1
4499,corridor,-1,1
4500,stairs,-1,1
4501,stairs,-1,1
4502,stairs,-1,1
4503,corridor,-1,1
4504,corridor,-1,1
4505,corridor,-1,1
4506,stairs,-1,1
4507,corridor,-1,1
4508,corridor,-1,1
1,corridor,-1,1
2,stairs,-1,1
4,roomDoor,165,1
7,roomDoor,163,1
9,roomDoor,164,1
12,corridor,-1,1
3925,roomDoor,1442,1
3927,corridor,-1,1
3928,corridor,-1,1
3929,stairs,-1,1
3930,stairs,-1,1
3933,stairs,-1,1
3935,stairs,-1,1
3936,stairs,-1,1
3937,stairs,-1,1
3939,stairs,-1,1
3940,stairs,-1,1
3941,stairs,-1,1
3943,stairs,-1,1
3944,corridor,-1,1
3945,corridor,-1,1
4000,corridor,-1,1
4001,corridor,-1,1
4002,corridor,-1,1
4003,corridor,-1,1
4006,corridor,-1,1
4007,corridor,-1,1
4008,stairs,-1,1
4009,corridor,-1,1
4010,roomDoor,1502,1
4011,corridor,-1,1
4013,corridor,-1,1
4014,corridor,-1,1
4015,stairs,-1,1
4016,roomDoor,1500,1
4017,corridor,-1,1
4018,roomDoor,1504,1
4019,roomDoor,1503,1
4020,corridor,-1,1
4021,roomDoor,1501,1
4022,corridor,-1,1
4023,corridor,-1,1
4024,corridor,-1,1
4025,corridor,-1,1
4026,corridor,-1,1
4027,corridor,-1,1
4028,corridor,-1,1
4030,corridor,-1,1
4031,elevator,-1,1
14,corridor,-1,1
23,roomDoor,170,1
27,stairs,-1,1
36,corridor,-1,1
37,corridor,-1,1
38,corridor,-1,1
44,roomDoor,156,1
45,stairs,-1,1
50,roomDoor,152,1
55,roomDoor,157,1
56,roomDoor,146,1
59,stairs,-1,1
63,roomDoor,143,1
66,corridor,-1,1
67,roomDoor,143,1
69,elevator,-1,1
74,corridor,-1,1
131,roomDoor,137,1
141,roomDoor,124,1
155,corridor,-1,1
156,corridor,-1,1
169,corridor,-1,1
188,corridor,-1,1
192,roomDoor,102,1
201,roomDoor,101,1
212,roomDoor,116,1
217,corridor,-1,1
231,corridor,-1,1
249,corridor,-1,1
260,roomDoor,92,1
265,roomDoor,100,1
266,corridor,-1,1
280,roomDoor,84,1
298,roomDoor,87,1
309,corridor,-1,1
318,corridor,-1,1
325,stairs,-1,1
337,roomDoor,19,1
342,roomDoor,17,1
357,roomDoor,24,1
362,roomDoor,29,1
381,roomDoor,7,1
388,corridor,-1,1
399,corridor,-1,1
414,roomDoor,74,1
426,roomDoor,75,1
428,roomDoor,64,1
445,roomDoor,77,1
467,roomDoor,59,1
490,roomDoor,32,1
500,corridor,-1,1
511,roomDoor,45,1
523,stairs,-1,1
536,roomDoor,30,1
564,roomDoor,173,1
569,corridor,-1,1
590,corridor,-1,1
606,corridor,-1,1
611,corridor,-1,1
639,corridor,-1,1
647,corridor,-1,1
664,corridor,-1,1
677,roomDoor,215,1
716,stairs,-1,1
728,roomDoor,351,1
741,corridor,-1,1
753,corridor,-1,1
806,roomDoor,356,1
872,corridor,-1,1
877,roomDoor,335,1
897,corridor,-1,1
917,corridor,-1,1
932,roomDoor,201,1
947,roomDoor,195,1
950,roomDoor,195,1
965,stairs,-1,1
985,corridor,-1,1
988,roomDoor,223,1
998,roomDoor,217,1
1004,roomDoor,237,1
1008,roomDoor,221,1
1028,corridor,-1,1
1063,roomDoor,316,1
1092,roomDoor,300,1
1104,roomDoor,306,1
1113,roomDoor,305,1
1126,roomDoor,323,1
1145,roomDoor,324,1
1175,roomDoor,281,1
1188,roomDoor,292,1
1201,roomDoor,255,1
1214,roomDoor,257,1
1228,roomDoor,263,1
1235,corridor,-1,1
1244,roomDoor,270,1
1267,corridor,-1,1
1281,roomDoor,571,1
1298,roomDoor,563,1
1307,roomDoor,565,1
1320,roomDoor,554,1
1327,roomDoor,559,1
1341,elevator,-1,1
1369,corridor,-1,1
1380,roomDoor,501,1
1393,roomDoor,504,1
1406,corridor,-1,1
1409,roomDoor,497,1
1429,stairs,-1,1
1435,corridor,-1,1
1448,roomDoor,544,1
1459,elevator,-1,1
1480,roomDoor,545,1
1495,roomDoor,551,1
1508,roomDoor,550,1
1523,roomDoor,528,1
1538,roomDoor,530,1
1551,roomDoor,535,1
1562,roomDoor,534,1
1579,roomDoor,591,1
1604,roomDoor,600,1
1618,roomDoor,584,1
1640,roomDoor,404,1
1653,corridor,-1,1
1670,roomDoor,448,1
1682,roomDoor,439,1
1696,roomDoor,445,1
1714,roomDoor,466,1
1720,roomDoor,470,1
1734,roomDoor,457,1
1739,corridor,-1,1
1752,corridor,-1,1
1766,roomDoor,480,1
1780,roomDoor,492,1
1792,roomDoor,423,1
1808,roomDoor,417,1
1822,roomDoor,435,1
1833,corridor,-1,1
1850,roomDoor,431,1
1864,roomDoor,769,1
1868,roomDoor,768,1
1894,roomDoor,754,1
1913,roomDoor,708,1
1929,roomDoor,712,1
1951,corridor,-1,1
1960,roomDoor,711,1
1973,roomDoor,741,1
1984,elevator,-1,1
1989,roomDoor,728,1
2001,roomDoor,734,1
2012,roomDoor,751,1
2029,stairs,-1,1
2044,roomDoor,626,1
2062,stairs,-1,1
2071,roomDoor,623,1
2075,roomDoor,621,1
2091,corridor,-1,1
2108,roomDoor,624,1
2123,roomDoor,605,1
2147,elevator,-1,1
2159,corridor,-1,1
2167,corridor,-1,1
2181,corridor,-1,1
2192,roomDoor,793,1
2205,roomDoor,785,1
2220,corridor,-1,1
2233,roomDoor,703,1
2247,roomDoor,692,1
2250,corridor,-1,1
2264,corridor,-1,1
2276,roomDoor,686,1
2290,roomDoor,678,1
2303,elevator,-1,1
2317,corridor,-1,1
2331,roomDoor,643,1
2335,roomDoor,647,1
2336,corridor,-1,1
2349,roomDoor,650,1
2362,roomDoor,656,1
2376,roomDoor,651,1
2388,roomDoor,666,1
2403,roomDoor,941,1
2416,corridor,-1,1
2417,roomDoor,928,1
2421,roomDoor,933,1
2433,roomDoor,922,1
2446,roomDoor,939,1
2463,corridor,-1,1
2481,roomDoor,882,1
2494,roomDoor,884,1
2500,corridor,-1,1
2511,roomDoor,904,1
2524,roomDoor,896,1
2538,roomDoor,889,1
2550,roomDoor,916,1
2568,corridor,-1,1
2581,corridor,-1,1
2586,elevator,-1,1
2606,elevator,-1,1
2623,corridor,-1,1
2642,roomDoor,801,1
2653,corridor,-1,1
2654,roomDoor,813,1
2655,roomDoor,804,1
2659,roomDoor,805,1
2677,roomDoor,801,1
2694,roomDoor,953,1
2707,corridor,-1,1
2709,roomDoor,948,1
2723,corridor,-1,1
2736,corridor,-1,1
2748,roomDoor,865,1
2764,roomDoor,828,1
2777,corridor,-1,1
2790,roomDoor,845,1
2803,roomDoor,857,1
2816,roomDoor,847,1
2830,roomDoor,848,1
2843,roomDoor,1047,1
2857,corridor,-1,1
2868,roomDoor,1030,1
2874,corridor,-1,1
2877,roomDoor,1028,1
2892,corridor,-1,1
2907,corridor,-1,1
4542,roomDoor,2061,1
2924,roomDoor,985,1
2937,roomDoor,987,1
2950,roomDoor,1005,1
3883,corridor,-1,1
2957,roomDoor,1001,1
2969,roomDoor,998,1
2982,roomDoor,1021,1
2994,roomDoor,1009,1
3013,roomDoor,1082,1
3029,corridor,-1,1
3038,corridor,-1,1
3039,roomDoor,1084,1
3056,roomDoor,1094,1
3074,roomDoor,1091,1
3087,roomDoor,1092,1
3108,elevator,-1,1
3121,roomDoor,1080,1
3133,roomDoor,1074,1
3146,corridor,-1,1
3159,roomDoor,1052,1
3172,corridor,-1,1
3185,roomDoor,972,1
3198,roomDoor,979,1
3202,stairs,-1,1
3213,roomDoor,965,1
3226,corridor,-1,1
3238,roomDoor,1148,1
3251,corridor,-1,1
3263,roomDoor,1164,1
3276,roomDoor,1139,1
3283,roomDoor,1098,1
3286,corridor,-1,1
3298,roomDoor,1132,1
3311,roomDoor,1103,1
3325,corridor,-1,1
3336,roomDoor,1112,1
3349,roomDoor,1135,1
3362,corridor,-1,1
3365,corridor,-1,1
3379,roomDoor,1180,1
3392,corridor,-1,1
3403,corridor,-1,1
3416,corridor,-1,1
3429,stairs,-1,1
3442,roomDoor,1196,1
3449,roomDoor,1208,1
3463,roomDoor,1197,1
3476,corridor,-1,1
3481,roomDoor,1210,1
3490,corridor,-1,1
3503,roomDoor,1242,1
3515,roomDoor,1229,1
3521,roomDoor,1228,1
3534,roomDoor,1241,1
3547,roomDoor,1286,1
3561,roomDoor,1263,1
3577,roomDoor,1268,1
3590,roomDoor,1273,1
3603,roomDoor,1283,1
3616,corridor,-1,1
3629,stairs,-1,1
3642,roomDoor,1360,1
3654,roomDoor,1341,1
3667,roomDoor,1351,1
3686,corridor,-1,1
3699,corridor,-1,1
3710,roomDoor,1319,1
3723,roomDoor,1294,1
3729,corridor,-1,1
3730,roomDoor,1329,1
3742,roomDoor,1308,1
3755,roomDoor,1295,1
3768,roomDoor,1299,1
3782,roomDoor,1398,1
3795,roomDoor,1380,1
3808,roomDoor,1362,1
3811,corridor,-1,1
3816,roomDoor,1368,1
3829,roomDoor,1386,1
3842,roomDoor,1369,1
3855,roomDoor,1381,1
3923,roomDoor,1441,1
3924,roomDoor,1442,1
3926,corridor,-1,1
3942,stairs,-1,1
4012,roomDoor,1505,1
4029,corridor,-1,1
4032,corridor,-1,1
4035,roomDoor,1506,1
4052,corridor,-1,1
4069,corridor,-1,1
4086,corridor,-1,1
4105,corridor,-1,1
4114,stairs,-1,1
4117,stairs,-1,1
4136,corridor,-1,1
4161,roomDoor,1522,1
4176,stairs,-1,1
4191,corridor,-1,1
4196,corridor,-1,1
4199,stairs,-1,1
4211,roomDoor,1611,1
4223,roomDoor,1604,1
4233,roomDoor,1594,1
4243,stairs,-1,1
4256,roomDoor,1600,1
4273,corridor,-1,1
4278,roomDoor,1616,1
4283,corridor,-1,1
4296,roomDoor,1635,1
4309,roomDoor,1641,1
4320,roomDoor,1627,1
4333,roomDoor,1579,1
4346,roomDoor,1578,1
4359,roomDoor,1570,1
4360,corridor,-1,1
4362,roomDoor,1571,1
4375,roomDoor,1572,1
4391,roomDoor,1562,1
4404,roomDoor,1556,1
4419,roomDoor,1535,1
4431,roomDoor,1534,1
4450,corridor,-1,1
4467,roomDoor,1555,1
4509,roomDoor,1800,1
4510,roomDoor,1801,1
4511,roomDoor,1850,1
4512,roomDoor,1851,1
4513,roomDoor,1852,1
4514,roomDoor,1853,1
4515,roomDoor,1854,1
4516,roomDoor,1855,1
4517,roomDoor,1856,1
4518,roomDoor,1857,1
4519,roomDoor,1858,1
4520,roomDoor,1859,1
4521,roomDoor,1860,1
4522,roomDoor,1950,1
4523,roomDoor,1951,1
4524,roomDoor,1952,1
4525,roomDoor,1953,1
4526,roomDoor,1954,1
4527,roomDoor,1955,1
4528,roomDoor,1956,1
4529,roomDoor,1957,1
4531,roomDoor,2050,1
4532,roomDoor,2051,1
4533,roomDoor,2052,1
4534,roomDoor,2053,1
4535,roomDoor,2054,1
4536,roomDoor,2055,1
4537,roomDoor,2056,1
4538,roomDoor,2057,1
4539,roomDoor,2058,1
4540,roomDoor,2059,1
4541,roomDoor,2060,1
4543,roomDoor,2150,1
4544,roomDoor,2151,1
4545,roomDoor,2152,1
4546,roomDoor,2153,1
4547,roomDoor,2154,1
4548,roomDoor,2155,1
4549,roomDoor,2156,1
4550,roomDoor,2157,1
4551,roomDoor,2158,1
4552,roomDoor,2159,1
4553,roomDoor,2160,1
4554,roomDoor,2161,1
4555,roomDoor,2250,1
4556,roomDoor,2251,1
4557,roomDoor,2252,1
4558,roomDoor,2253,1
4559,roomDoor,2254,1
4560,roomDoor,2255,1
4561,roomDoor,2256,1
4562,roomDoor,2257,1
4563,roomDoor,2350,1
4564,roomDoor,2351,1
4565,roomDoor,2352,1
4566,roomDoor,2353,1
4567,roomDoor,2354,1
4568,roomDoor,2355,1
4569,roomDoor,2450,1
4570,roomDoor,2451,1
4571,roomDoor,2452,1
4572,roomDoor,2453,1
4573,roomDoor,2454,1
4574,roomDoor,2550,1
4575,roomDoor,2551,1
4576,roomDoor,2552,1
4577,roomDoor,2650,1
4578,roomDoor,2651,1
4579,roomDoor,2652,1
4580,roomDoor,2750,1
4581,roomDoor,2751,1
4582,roomDoor,1444,1
4599,roomDoor,3052,1
4583,roomDoor,-1,1
4584,roomDoor,1444,1
4585,roomDoor,1700,1
4586,roomDoor,1700,1
4587,corridor,-1,1
4588,roomDoor,3000,1
4589,roomDoor,1443,1
4590,roomDoor,3001,1
4591,roomDoor,3002,1
4592,roomDoor,3003,1
4600,roomDoor,3052,1
4601,roomDoor,3060,1
4593,roomDoor,3050,1
4594,roomDoor,3051,1
4602,roomDoor,3061,1
4595,roomDoor,3051,1
4596,roomDoor,3053,1
4597,roomDoor,3053,1
4598,roomDoor,3053,1
482,entrance,1705,1
6064,roomDoor,3487,1
6065,roomDoor,3487,1
6066,corridor,-1,1
1055,roomDoor,3487,1
4530,roomDoor,1958,1
944,roomDoor,200,1
10893,corridor,394,1
10894,corridor,382,1
